certifier_name,certifier_title,facility_count
MICHELLE LEWIS,CHIEF ACCOUNTING OFFICER,242
KEITH GOSS,SENIOR VP OF REIMBURSEMENT,190
CHRIS EAMIGUEL,CFO,142
DIANE MORRIS,VP OF REIMBURSEMENT,141
MATTHEW DUDDY,VP-REIMBURSEMENT,120
KEVIN MANUEL,CHIEF ACCOUNTING OFFICER,118
TIM MOODY,EXECUTIVE DIRECTOR OF REIMBURSEMENT,91
MOTI NINIO,CEO,84
ANIS KHAN,CHIEF FINANCIAL OFFICER,76
AARON TRAVITSKY,CHIEF FINANCIAL OFFICER,73
SHUN TONG,VICE PRESIDENT OF REIMBURSEMENT,71
MONICA TERRANO,CFO,65
JESSIE RODRIGUEZ,CFO,63
DIANE MORRIS,VP REIMBURSEMENT,62
BRIAN KIDD,CFO,62
DANIEL PARKER,MANAGER,59
PAUL OMROD,VP REIMBURSEMENT,56
JOEL FLUIT,VICE PRESIDENT OF FINANCE,49
RHONDA ODOVERO,INTERIM VP OF REVENUE CYCLE,48
MARK SCHWARTZ,CHIEF OPERATING OFFICER,46
DAVID CAMPBELL,CHIEF RESTRUCTURING OFFICER,46
THOMAS GOLDIE,DIRECTOR OF REIMBURSEMENT,45
GALE BOICE,CFO,44
STACEY ROGERS,CHIEF FINANCIAL OFFICER,44
CHAIM RASKIN,CFO,43
MICHAEL ASCHENDORF,CFO,43
DAVE DIXON,VP/CFO,42
DAVID STALLARD,AUTHORIZED REPRESENTATIVE,40
MATTHEW WEISHAAR,CFO,39
JOE CALCUTT,CFO,39
JAMIE YOAKUM,CFO,39
DANIEL OH,ASSISTANT CONTROLLER,38
SHIMON SPIELMAN,CHIEF FINANCIAL OFFICER,38
SHALOM STEIN,CEO,38
CODY LONG,CFO,38
DARREN MAGNESS,VP - FINANCE,37
ADRIAN DEHGHANMANESH,CFO,36
DAVID BARUCH,AUTHORIZED SIGNOR,36
MATT WEISZ,CFO,35
FRANK JURADO,CFO,34
DORRIE RAMBO,CFO,34
ROBERT DUNCAN,CFO,33
KENNETH ROZENBERG,OPERATOR,33
MARY KOFSTAD,CEO,32
THOMAS GILMARTIN,CFO,31
LISA ULBERT,CHIEF EXECUTIVE OFFICER,30
RICHARD AGNEW,AUTHORIZED SIGNATORY,30
JONATHAN LUSTBADER,CHIEF FINANCIAL OFFICER,30
LISA TOTI,PRESIDENT,30
PAULINA SALAZAR,CFO,29
CHRIS BOYLAN,DIRECTOR OF FINANCE,29
BECKIE GOLAMB,CHIEF FINANCIAL OFFICER,28
CHAIM HERZBERG,CEO,27
PEGGY VALDIVIA,VICE PRESIDENT  FINANCIAL SERVICES,27
MARCELLA GRAF,CHIEF FINANCIAL OFFICER,26
ERIC BENNETT,CFO,26
JENNIFER WILSON,VP OF REVENUE CYCLE,26
DEREK SMART,CFO  ALDEN MANAGEMENT SERVICES  INC.,26
STACEY ROGERS,CFO,25
MICK VUJANOVIC,CEO,24
KILEY BROOKS,CHIEF FINANCIAL OFFICER,24
LYNNEA CASTILLO,CFO,23
STEPHANIE CHRISTOPHER,CONSULTANT,23
JAMES KIMBALL,CFO,23
ZISH MARGULIES,CEO,23
DAVID VANHOOSE,ACCOUNTING MANAGER,23
KEVIN RYMANOWSKI,CFO,23
ARMANDO FORTUNATO,CFO,22
TOM MITCHELL,CFO,22
JOEL FLUIT,VP FINANCE,22
DAVID FRIEDMAN,PRESIDENT,22
TODD SANGSTER,CFO,22
JAMES TAYLOR,CEO,22
JEFF CANTRELL,CFO,22
AARON DUNLAP,CFA,22
LISA ULBERT,CEO,21
ELI GRINSPAN,COO,20
ROBERT SHARON,CHIEF FINANCIAL OFFICER,20
STEVEN WEIDBERG,CFO,20
DWIGHT OTT,CFO,20
KYLE SCHADE,CFO,20
CATHY MCCORD,VP OF FINANCE,19
ANDREW RAPP,CHIEF FINANCIAL OFFICER,19
MORGAN WRIGHT,MANAGER OF REPORTING,18
MARK MEYER,CFO,18
DOMINIC ROMEO,CFO,18
JONATHAN COOPER,SVP HR,18
LYNN ANDERSON,CONTROLLER,18
WILLIAM MILLER,CEO,18
DANIEL WADDELL,DIRECTOR OF REVENUE,18
MICHAEL JASON MILLS,CFO,18
NOEL DUNNAM,CFO,18
HENNY GRUNFELD,FINANCE SUPERVISOR,17
DAVID ENGLANDER,CEO,17
RYAN VESS,CFO,17
BARRY DONATH,CFO,17
ABE BAK,OWNER,16
JOEL FLUIT,VP OF FINANCE,16
DAVID EPPERS,CFO,16
GRADY FOLGER,CONTROLLER,16
RICHARD CHUMLEY,PRESIDENT OF THE BOARD,16
ROBERT DALTON,CFO,16
KIMBERLY DELATTE,CFO,16
PAUL VINKLE,VP OF FINANCE,16
SCOTT PEABODY,VP FINANCE,15
ALAN SORSCHER,CFO,15
JORDAN LOPEZ,CONTROLLER,15
BRIAN FINGLASS,VICE PRESIDENT OF FINANCE,15
SAMUEL SHERMAN,MANAGING MEMBER,15
MAYER FISCHL,CFO,15
DAWNE SMITH,CEO,15
EPHRAIM FINK,VP OF FINANCE,15
ANTHONY SHAW,VP OF REIMBURSEMENT,15
JACK SANDERS,CHIEF OPERATING OFFICER,15
YOSEF LEWIN,CFO,15
MICHAEL NUDELL,PRESIDENT,15
CHAIM WOLMARK,CEO,15
KARA COX,CFO,15
SCOTT PETTERSON,CFO,15
BILL JONES,PRESIDENT & CEO,15
DAWN HARVEY PSARELLIS,SECRETARY,15
JONATHAN LUSTBADER,CFO,14
CLINT DAVIS,CEO,14
SUSAN STRAUSS,CEO,14
JULIE PHAM,CFO,14
CHRIS GREEN,TREASURER,14
KEVIN LA MARRE,VP ACCOUNTING,14
BRUCE WERTHEIM,CEO,14
SHAWN CONLEY,CFO,14
MARIA BORISEVICH,CHIEF FINANCIAL OFFICER,14
JOHNNY THOMPSON,ADMINISTRATOR,14
MELANIE OWENS,CHIEF FINANCIAL OFFICER,14
AARON TOPPER,PRESIDENT,13
BILL STEPHAN,CFO,13
ELIZABETH MCLAREN,SVP - REV CYCLE  REIMB  AND HCBS,13
JOSEPH FRIEDMAN,MEMBER,13
AVROHOM KRAVETZ,CEO,13
B.J. BERGERON,CFO,13
SUSAN ROSS,CHIEF OPERATING OFFICER,13
NICK HARSHFIELD,SENIOR VICE PRESIDENT & CFO,13
JONATHAN WARD,CONTROLLER,13
DEVORA KIRSCHNER,COO,12
MIKE MOSIER,CFO,12
HEIDI SHIMP-FAVA,CONTROLLER,12
NATE SILVERBERG,SENIOR VP,12
CLARK SWOFFORD,CFO,12
JOSEPH ALESANTRINO,CFO,12
PAT IKERD,CFO,12
JONATHAN MAMARY,VICE PRESIDENT,12
JASON PARROTT,DIRECTOR OF FINANCE,12
BRANDON MALANOWSKI,CHIEF FINANCIAL OFFICER,12
DAVID KNAPIK,CONTROLLER,12
KEN MARX,CHIEF FINANCIAL OFFICER,12
MICHAEL MOSIER,CFO,11
ANDREW MCDONALD,CFO,11
ANSHEL NIEDERMAN,MANAGER,11
GEDALIAH WIELGUS,CFO,11
AVI MAIEROVITS,CONTROLLER,11
DAN SHILLER,CFO,11
JOSHUA BASCH,CFO,11
MARK SPRENGER,EVP/CIO,11
ROBERT STILLMAN,CHIEF FINANCIAL OFFICER,11
CHAD SNEED,CHIEF FINANCIAL OFFICER,11
CATERINA MINA LABELLA,CFO,11
CRAIG FLANAGAN,CFO,11
DAVID PERLOW,CFO,11
TERRI CONTRERAS,CFO,11
BRIAN MURRAY,CFO,11
MIKE REAGAN,VP OF FINANCE,10
CODY LONG,CHIEF FINANCIAL OFFICER,10
JOE BLACHORSKY,CFO,10
LYNNE G PLACE,VP OF FINANCE,10
DAVID ALT,CFO,10
ANDREW WOLAK,COO,10
SETH FEIN,CFO,10
DYAN MCALISTER,SENIOR VP/CFO,10
ARON PLEYSIER,VP OF FINANCE,10
MARC JOHNSON,CFO,10
JACK SANOFSKY,MANAGING PARTNER,10
JOSH BERKOWITZ,CFO,10
ELI SINNREICH,CFO,10
AMANDA FRANK,DIRECTOR OF REVENUE CYCLE,10
TRAVIS THOMPSON,SENIOR ACCOUNTING DIRECTOR,10
CODY FULKS,CFO,10
JAMES SCHMIDLIN,PRESIDENT,9
KIRBY NICKERSON,CFO,9
GREG SANCHEZ,CFO,9
EDDIE REARDON,VP FINANCE,9
DANIEL CURRY,EVP & CFO,9
DAVID FRIEDMAN,MEMBER,9
ROBERT DECKER,FINANCIAL CONTROLLER,9
EDISON ONG,CFO,9
CHAIM MANDELBAUM,OPERATOR,9
CLARK SANDERSON,BOARD PRESIDENT,9
ERIC HUEBERT,CFO,9
JIM GRIFFITHS,CEO,9
KEVIN CHANKIN,CFO,9
ROGER ALSIP,SECRETARY/TREASURER,9
ELI MIRLIS,CFO,9
CHRIS BROGDON,MEMBER,9
KELLY ASHWORTH,EXECUTIVE VICE PRESIDENT,9
ILAN RICHLAND,CEO,9
ROBERT KORNFELD,MEMBER,9
KARLA VALLE,CFO,9
CARRIE L. VANCUREN,DIRECTOR OF FINANCE,9
ISAAC OVITS,CFO,9
JOEL FLUIT,CFO,9
MIKE MOSIER,OWNER,8
DANIEL AARON,CFO,8
AARON KAMINER,MANAGER,8
BRIAN HILL,PRESIDENT,8
MARTIN SBRIGLIO,OWNER,8
MATTHEW BROWN,TREASURER & CHIEF FINANCAIL OFFICER,8
ANTHONY SHAW,VICE PRESIDENT OF REIMBURSEMENT,8
SHLOMO DEUTSCH,CONTROLLER,8
MEIR MEYSTEL,PRESIDENT,8
NORMAN SNOWBERGER,CFO,8
PATRICK PETROSINO,DIR OF CORP REIMBURSEMENT,8
MENDY PILLER,CFO,8
SAM STERN,CFO,8
ARI MOERMAN,MEMBER,8
JOE HELMAN,SVP,8
EFRAIM STEIF,MEMBER,8
JOSHUA JOHNSON,CFO,8
GLEB ZARKH,CFO,8
MANEESH BANSAL,CEO,8
AARON SINGER,OWNER/EXECUTIVE,8
JUDITH LIMA,CHIEF FINANCIAL OFFICER,8
EPHRAIM ZAGELBAUM,MANAGING MEMBER,8
MYLENE MENENDEZ,AUTHORIZED EMPLOYEE,8
ETHAN DREIFUS,AUTHORIZED SIGNATORY,8
WALTER ERIC MYERS,PRESIDENT,8
JONATHAN STRAUSS,CFO,8
SUANNE MORIKUNI,CFO,8
JENNIFER SANTERRE,CHIEF FINANCIAL OFFICER,8
BERNIE MCGUINNESS,CEO,8
SAMANTHA CHI,VP OF FINANCE,8
JULIE MARKS,CFO,8
PETER THISSE,CONTROLLER,7
GRADY HOOPER,CEO,7
NAFTALI FRIEDMAN,CFO,7
THOMAS GOLDIE,DIRECTOR OF REMIBUSEMENT,7
MOSHE STEINBERG,OWNER,7
MATTHEW WEISHAAR,EVP / CFO,7
MARK KASZIRER,CHIEF OPERATING OFFICER,7
JOSH LEONARD,PRESIDENT,7
DAN PIERCE,CHIEF FINANCIAL OFFICER,7
YECHIEL HIRTH,CEO,7
ROBERT SCHUCK,CFO,7
MARK SCHWARTZ,CEO,7
SUSAN ALBRIGHT ROSS,COO,7
GREG MILLER,EXECUTIVE VICE PRESIDENT,7
BEN FRIEDMAN,CFO,7
CHARLES BEVON,CFO,7
BRANDY MCGILL,VP OF FINANCIAL SERVICES,7
ANDREA KEPPLE,CONTROLLER,7
KATHY YOUNGQUIST,CFO,7
STEVEN ROSENWEIG,AUTHORIZED MEMBER,7
WILLIE NOVOTNY,PRESIDENT/CFO,7
FRED STRUZYK,PRINCIPAL,7
DAN GILL,CEO,7
RALPH ROSSO,CFO,7
JAMES MARTIN,CHIEF ACCOUNTING OFFICER,7
CHAIM PANTIERER,DIRECTOR OF FINANCE,7
HEATHER HUNT,VP OF REVENUE,7
SONDRA WILLIAMS,CEO,7
HAROLD HADLEY,CHIEF FINANCIAL OFFICER,6
LANCE MEEKINS,CEO,6
TODD WILLETT,CFO,6
RON RATNER,CFO,6
KATRINA BYWATER,VICE PRESIDENT OF ACCOUNTING,6
TRENT UNRUH,CFO,6
CRAIG JACOBS,ACCOUNTING MANAGER,6
KATRINA BYWATER,VP OF ACCOUNTING,6
JOHN T FICK,CFO,6
JOE FREUDENBERGER,CEO,6
CORY ROBISON,COO,6
SOL CHOPP,MEMBER,6
MIKE FLANAGAN,RECEIVER,6
MEIR MEYSTEL,CEO,6
ANDREW JEANNERET,CFO,6
ALAN SCHLANGER,CONTROLLER,6
KYLE HOLLIDAY,ASSISTANT CFO,6
KYLE HOLLIDAY,ASST. CFO,6
THOMAS WINTER,CFO,6
JEFF KAGAN,PRESIDENT,6
DON STEPHENS,CFO,6
GLEB ZARKH,CHIEF FINANCIAL OFFICER,6
ANTHONY DEROSA,VICE PRESIDENT OF FINANCE,6
J MICHAEL HAEMMERLE,SECRETARY,6
RUSTY PUNZALAN,CFO,6
ALAN IRNI,CFO,6
CHAIM MILLMAN,CONTROLLER,6
MARY LYNN LEACH,CHIEF FINANCIAL OFFICER,6
LUCAS BAYLESS,CFO,6
MICHAEL DODOS,VP & CORPORATE CONTROLLER,6
KATHY YOUNGQUIST,CHIEF FINANCIAL OFFICER,6
ROGER BYRNE,CHIEF FINANCIAL OFFICER,6
MICHAEL FLANAGAN,RECEIVER,6
MOSHE SIEGAL,CEO,6
JONAH SVARC,CEO,6
EPHRAIM ZAGELBAUM,CEO,6
JOHN RENNER,CFO,6
KEVIN MCDONNELL,CFO,6
JENQ CHEN,CHAIRMAN,6
KEIRA THOMAS,CONTROLLER?RECEIVERSHIP GROUP,6
MICHAEL FLANAGAN,CFO,6
DOUG HARRISON,CFO,6
CHRISTY AUTRY,CFO,6
WILLIAM DAVIS,CFO,6
MATTHEW J. HALL,CFO,6
ROBERT ROSENBERGER,CFO,6
LARS JOHNSON,CFO,6
BENJAMIN FRIEDMAN,CFO,5
TIM MOODY,DIRECTOR OF REIMBURSEMENT,5
MICHAEL FEIST,CEO/OWNER,5
TROY LANGSDALE,CEO,5
KRISTINE HANSCOM,CFO,5
MARK LIETZKE,CFO CONSULTANT,5
DAVID WERTHEIMER,CEO,5
YONI KLEIN,CHIEF OPERATING OFFICER,5
DOVID SEITLER,CEO,5
BONNIE QUIBODEAUX,CFO,5
ILANA AVINARI,CFO,5
SOLOMON RUBIN,MEMBER,5
SHAHRZAD JANNAT,ADMINISTRATOR,5
SOL KLEIN,CFO,5
ISRAEL FRIEDMAN,CEO,5
RODNEY BALL,SVP  REGION CFO - SOUTHEAST,5
MICHAEL RUBACK,RECEIVER,5
CHARLES LIGHT,OPERATOR,5
KEN ROBBINS,SENIOR VICE PRESIDENT,5
JAMIE WOODS,CFO,5
KATELYN ROMANO COLLINS,CFO,5
NICOLE BROSSMAN,CONTROLLER REGIONAL FINANCE,5
GREG SPENCE,CFO,5
ISRAEL SHERMAN,OWNER,5
JEFF HYATT,CEO,5
ERIN CLEVENGER,CEO,5
BOYD WRIGHT,PRESIDENT,5
MARIE MOYA,CONTROLLER,5
KRIS HANSEN,CEO,5
DAN PIERCE,CFO,5
SAM YUROWITZ,CEO,5
SCOTT GARBER,INTERIM CFO,5
KRISTIN SIGNOR,CFO,5
MATT PAYNE,CFO,5
MIKE ZIDELE,CFO,5
NORMA ANDRES,CONTROLLER,5
MICHAEL MOORE,CFO,5
MICHAEL KAPLAN,CFO,5
MARK HASTINGS,OWNER,5
DAVID STADTMUELLER,CFO,5
KEVIN JOHNSON,CFO,5
ADAM FLEMING,FINANCE DIRECTOR,5
DAVID CHARTER,SENIOR VP FOR FINANCE & CFO,5
KEVIN BROOKS,CHIEF FINANCIAL OFFICER,5
TIM KREISHER,CHIEF OF ACCOUNTING,5
MICHAEL FALBO,CFO,5
ARCHIE CHAPMAN,PRESIDENT,5
GREGORY MOORE,PRESIDENT,4
PAUL OMROD,VP OF REIMBURSEMENT,4
JOYCE BELZ,CFO,4
ZACHARY LAPIN,CEO,4
TAMMY DAVIDSON,CFO,4
HOLLY VAREHA,CFO,4
MICHAEL RUFF,CFO,4
MARK GOTTLIEB,OWNER,4
STEPHEN BERNIER,CFO,4
HAROLD HADLEY,CFO,4
ALAN SAMPLES,CFO,4
MARK LIETZKE,CFO,4
BECKY HANSEN,EXECUTIVE VICE PRESIDENT AND CFO,4
CRAIG RITTER,DIRECTOR OF FINANCE,4
ANDREA KEPPLE,CORPORATE CONTROLLER,4
KEN BERNSEN,PRESIDENT,4
MELISSA FROWNFELTER,CEO/COO,4
KIMBERLY JUSTINIANO,CFO,4
CHRISTOPHER VANGEL,PRESIDENT,4
BRIAN SMITH,CFO,4
GARRY PACE,PRESIDENT,4
MATT MOMAN,CEO,4
KENDALL BROUSSARD,MANAGER,4
MICAH PORTER,CFO,4
JONATHAN ASCHENDORF,CFO,4
KIRA FRAZIER,REIMBURSEMENT SPECIALIST,4
KIMBERLY SMITH,CFO,4
ELTON G. BEEBE  SR.,AUTHORIZED REPRESENTATIVE,4
ELY MARMORSTEIN,CFO,4
KARI BEASLEY,AUTHORIZED REPRESENTATIVE,4
MICHAEL PAWLOW,DIRECTOR OF MEDICARE REIMBURSEMENT,4
MANNY KAUFMAN,CEO,4
YOSSIE EMANUEL,CHIEF EXECUTIVE OFFICER,4
DAVID ONEILL,DIRECTOR OF OPERATIONS,4
MARK FRIEDMAN,MEMBER,4
NICK BERARDINO,CFO,4
WENDY CRAMPTON,VICE PRESIDENT FINANCE,4
MATT FUNK,VP FINANCE,4
KRYSTAL ECKHART,FINANCIAL OFFICER,4
CHARLES MOODY III,MEMBER,4
ARIEL ERLICHMAN,OWNER,4
JEREMY STRAUSS,OPERATOR,4
BRANDT ANDERSON,CFO,4
KENNA HUDSON,CONTROLLER,4
SHALOM FRIEDLAND,MANAGER,4
AZRIEL LIEBERMAN,MANAGER,4
MEIR KAPLAN,CEO,4
WILLIAM LEVERING,PRESIDENT,4
PAUL ADAMIC,CFO,4
PAMELA FORMICA,CHIEF FINANCIAL OFFICER,4
ISAAK MARKOVITS,MANAGING MEMBER,4
MICHELLE WHITE,FINANCE DIRECTOR,4
CAYCI YOUNG,DIRECTOR OF OPERATIONS,4
GLORIA FONACIER,CONTROLLER,4
DOVID SEITLER,CHIEF EXECUTIVE OFFICER,4
MARC ROSE,CFO,4
W WILLIAM AUSTIN JR,EXECUTIVE VP/CFO,4
JONATHAN COOK,CEO,4
DAVID HELLER,PARTNER,4
THOMAS BAER,CFO,4
MATIS GRANEK,DIRECTOR OF FINANCE,4
TYLER JUILFS,CEO,4
JOSH BEERBOWER,INTERIM CFO/CONTROLLER,4
MATTHEW J HALL,CFO,4
DAVID DEFRAIN,VICE PRESIDENT OF FINANCE,4
TERRY WESTHOFF,CFO,4
ROBERT PETERSON,CFO,4
DON MAPLES,CFO,4
KRYSTAL ECKHART,VP OF REVENUE MANAGEMENT,4
JAY TRUMBO,CFO,4
CARRIE HSU,BUDGET DIRECTOR,4
MARK TRAYLOR,PRESIDENT,4
LAURIE MCPIKE,ADMINISTRATOR,3
MARK SCHWARTZ,OWNER,3
KENNETH GROVER,ADMINISTRATOR,3
MARY CLEMENTS,CFO,3
MICHAEL WHITE,CFO,3
PAUL KOVACS,VP OF OPERATIONS,3
ROGER MYNATT,CEO,3
NIGEL SANTIAGO,CHIEF EXECUTIVE OFFICER,3
DEREK RANKIN,CFO,3
STACY DOBSON,CFO,3
TODD NUNN,OWNER,3
MICHAEL CONNELL,CHIEF FINANCIAL OFFICER,3
JULIA HANOVER,CFO/EVP OF FINANCE,3
TAMMY JONES,CFO,3
ROBERT HOCH,COO,3
BARRY VANDERGENUGTEN,CFO,3
ROGER MALI,PRESIDENT,3
JACK SHAWEL,CEO,3
JULIE SOEKORO,CFO,3
AMEE PATEL,OWNER,3
SETH PROBST,OPERATOR,3
SOL BORNSTEIN,CFO,3
RAYMOND DENNEHY,MEMBER,3
TOM GILMARTIN,CFO,3
AARON OPPENHEIMER,MANAGING PARTNER,3
STEVEN FRIEDMAN,COO,3
JAMIE SPENCER,CHIEF FINANCIAL & GROWTH OFFICER,3
SONA BHATIA,CEO,3
CHERYL ROSKAMP,CHIEF EXECUTIVE OFFICER,3
FROLI NUDELMAN,CFO,3
STEVEN BERGER,MANAGER,3
MOSHE ARNOLD,CEO,3
ANDY MONTGOMERY,CFO,3
ELI FRANKEL,MEMBER,3
BEN KURLAND,CEO,3
LEAH YOULUS,AUTHORIZED REPRESENTATIVE,3
BRUCE CARPENTER,VICE-PRESIDENT,3
JOSHUA OHMAN,CONTROLLER,3
JOSEPH SCRIVENS,CEO,3
AKIVA BRANDMAN,CFO,3
ELLIOT ZEMEL,OPERATIONS,3
TIM JONES,CFO,3
LOWELL ARELLANO,CHIEF FINANCIAL OFFICER,3
BRUCE KALDENBACH,DIRECTOR OF FINANCE,3
YUDI STEINFELD,CONTROLLER,3
JOHN MURRAY,CHIEF FINANCIAL OFFICER,3
MICHAEL MELNICKE,OPERATOR,3
CLAYTON BRUMMETT,OWNER,3
HOUSTON MCGUIRE,ADMINISTRATOR,3
TROY BELL,PRESIDENT/CEO,3
DAVID SEITLER,CHIEF EXECUTIVE OFFICER,3
AKIVA GARFINKEL,MANAGER,3
TRACY BEEBE,AUTHORIZED REPRESENTATIVE,3
PATRICK MITCHELL,PRESIDENT/CHIEF EXECUTIVE OFFICER,3
KIMBERLY JUSTINIANO,CFO OF AFFILIATED MANAGEMENT COMPANY,3
YEHUDA PEPPER,OWNER,3
DANIEL BRUCKSTEIN,OWNER,3
TODD BOSLAU,CFO,3
MARC FELDMAN,CFO,3
ROTISLAV PUKSHANSKY,CEO,3
BRAD GIBSON,COO,3
CYNTHIA YOSHIDA,CFO,3
RON CRAM,MANAGER,3
NOAH KAMINER,MANAGER,3
JAMES LOWRY,PRESIDENT,3
SHLOMO MUSHELL,MANAGER,3
MENDEL BRECHER,MANAGER,3
JASON HARNISCH,VICE PRESIDENT OF FINANCE,3
JOSEPH NASRAWY,CFO,3
JENNIFER WILSON,VP OF REVENUE,3
ROB RUPEKA,CFO,3
SAMUEL SHERMAN,MANAGER,3
WENDELL SHORT,VP PLANNING & PROJECT MANAGEMENT,3
JAKE HARTSTEIN,MEMBER,3
PETE WOLKIN,CEO,3
JOSEPH MARTIN,VP/CFO,3
GEDALIA KLEIN,OPERATOR,3
JIM WALKER,PRESIDENT,3
MATTHEW BROWN,CFO,3
MEIR KATZENSTEIN,CHIEF EXECUTIVE OFFICER,3
JOSEPH ROTH,DIRECTOR OF FINANCE,3
JENNIFER MISKIMINS,DIRECTOR OF OPERATIONS,3
VICKI IRVIN,COO  CAPSTONE MANAGEMENT,3
JENNIFER COOK,VICE PRESIDENT OF FINANCE,3
BRIAN THOMPSON,CFO,3
TIMOTHY KALBFLEISCH,CFO,3
TIMOTHY KAMEGO,DIRECTOR OF OPERATIONS,3
MARK MAZZELLA,CHIEF FINANCIAL OFFICER,3
DAVID GARETZ,CFO,3
ROBERT HURLBUT,OWNER,3
FRANK ANTALOCY,VICE PRESIDENT,3
RYAN FRITZ,CFO,3
JACOB JEIDEL,MEMBER,3
JOSHUA RAY,RECEIVER,3
BRAD GIBSON,CFO,3
MOISHE FRANKEL,MANAGER,3
YOSEF HELLMAN,MANAGER,3
DIANA SMITH,CFO,3
ROGER WILDAY,CFO,3
CALVIN SHELANGOSKI,CFO,3
JOHN WARNER,PRESIDENT & CEO,3
KENNETH BOWARD,CFO,3
AMY DUHR,CEO,3
ASHLEY SMETANA,DIRECTOR OF OPERATIONS,3
ROBERT BRANDI,FOUNDING PARTNER,3
DAVE STADTMUELLER,CFO,3
CHAIM HYMAN,CEO,3
TYLER NELSON,CFO,3
ISRAEL NACHFOLGER,CEO,3
JOHN BRENCICK,OWNER,3
JODI SHEPHERD,VICE PRESIDENT OF ACCOUNTING,3
MARK HAVRILKA,CFO,3
JONATHAN ITZKOWITZ,CFO,3
SCOTT GARBER,CFO,3
DAVID ARGUST,VP OF FINANCE,3
MOSHE STEINBERG,CFO,3
RICK ALIBOZEK,CHIEF FINANCIAL OFFICER,3
WILLIAM HOLMAN,PRESIDENT/CEO,3
DEKE CATEAU,CEO,3
KATHY SHIELDS,VP OF FINANCE & CFO,3
BRIAN KRAUSE,CFO,3
DANIEL NOONAN,CFO,3
GEOFFREY CALLOWAY,SVH ADMINISTRATIVE DIRECTOR,3
DEVORA KIRSCHNER,AUTHORIZED SIGNER,3
DEBBIE MEADE,CEO,3
BENJAMIN FRIENDMAN,CFO,2
DONALD PARK,ADMINISTRATOR,2
CHARLES A. MOODY  III,MEMBER,2
ARVIS TANTON,OWNER,2
IVONNE BURRELL,CFO,2
MICHAEL BROOKS,ADMINISTRATOR,2
DEBORAH BRODINE,PRESIDENT,2
EDUARDO SALVADOR,CFO,2
JOSEPH DEWITT,CFO,2
CAMERAN JORDAN,SENIOR DIRECTOR,2
WILLIAM FLETT,CFO,2
SCOTT HOWARD,ADMINISTRATOR,2
MICHAEL MUHLESTEIN,ADMINISTRATOR,2
LEVI LAZAR,OWNER,2
DANIELLE HOLLOWELL,CO-OWNER,2
DAVID GARETZ,CHIEF FINANCIAL OFFICER,2
SCOTT ASHBROOK,PRESIDENT,2
KELLY PARK,CEO,2
JUDY HARRIS,CFO,2
TIMOTHY SMITH,CFO,2
MARIKATE LYNCH,ADMINISTRATOR,2
HARRISON SAUNDERS,CEO,2
MICHAEL BRADY,CHIEF FINANCIAL OFFICER,2
BRUCE KULURIS,VP OPERATIONS,2
SHIMON SPIELMAN,CFO,2
WILLIAM THOMPSON,CEO,2
PETE MADEL,MANAGER,2
ELIYAHU MIRLIS,CFO,2
HEATHER HARDT,ADMINISTRATOR,2
DAVID BERRYMAN,CHIEF FINANCIAL OFFICER,2
DAVID DUNN,COO,2
CHARLES LLOYD,CEO,2
KRISTI HULL,CHIEF OPERATING OFFICER,2
BRIAN BURGER,CFO,2
PAUL KNUTSEN,ADMINISTRATOR,2
ANTHONY DEROSA,VP OF FINANCE,2
LORI HIGGS,FINANCIAL CONTROLLER,2
JENNIFER CONNER,PRESIDENT,2
JAMES WILKES,MANAGING MEMBER,2
KIMBERLY LEIS,SENIOR VP OF ACCOUNTING,2
BRIAN KLEIN,CFO,2
JOEL FLUIT,CHIEF FINANCIAL OFFICER,2
JOSHUA FINEMAN,CFO,2
LEAH BIFULCO,CHIEF FINANCIAL OFFICER,2
DAVID S HOWELL,ADMINISTRATOR,2
BRIAN HAROLDSEN,ADMINISTRATOR,2
DANIEL HINZ,VICE PRESIDENT,2
CRYSTAL EVEN,VICE PRESIDENT,2
JASON TJADEN,ADMINISTRATOR,2
KAHONEY ANDERSON,ADMINISTRATOR,2
THOMAS POULSON,CFO,2
ALAN WILLS,MANAGING MEMBER,2
JEFF HEAD,CFO,2
MELISHA DILKS,MEMBER,2
ILAN NAJMAN,CEO,2
CHRIS GREEN,CFO,2
ALLISON CHEEK,REGIONAL BUSINESS & REIMB. MANAGER,2
JANE BLANKENSHIP,ADMINISTRATOR,2
RYMAN BUSBY,PRESIDENT,2
CHARLES G GLADNEY  JR,MANAGING MEMBER,2
HAROLD BEEBE,MANAGER,2
NEIL HAYHURST,ADMINISTRATOR,2
ABRAHAM EICHLER,OFFICER,2
BENZION SCHACHTER,PRESIDENT,2
JEFFREY TUCKER,CFO,2
JANIS FRUGE,CONTROLLER SOUTHERN ADMIN SERVICES,2
WILLIAM SHIELDS JR.,PRESIDENT,2
TONY KIMANI,ACCOUNTING MANAGER,2
MAHESH TYAGI,CFO,2
VALARIE CARTER,DIRECTOR OF OPERATIONS,2
EFFIE MCINTOSH,ACTING PRESIDENT/CFO,2
SOL CHOPP,CEO,2
SUSAN STAUSS,CEO,2
MINDY ROSENBERG,OWNER,2
SAM STEIN,CEO,2
SOL REINER,MANAGER,2
JOSHUA BROWN,OWNER,2
JOHN HOUSER,PRESIDENT,2
JARON WATSON,ADMINISTRATOR,2
AKIVA FRIED,MEMBER,2
SOLOMON REINER,OWNER,2
STEPHEN COETZEE,PRESIDENT/CEO,2
STEVE SHAPIRO,CONTROLLER,2
JOEL EDELSTEIN,CEO,2
JEREMY RUTTER,CEO,2
ALAN MULLER,CONTROLLER,2
ZACK ROSENBERG,CEO,2
MENDEL BRECHER,MEMBER,2
DENISE BOLGER-BOYLE,CFO,2
DAVID ONEILL,DIRECTOR OF OPERATION,2
SUSAN KEEFER,OWNER/PARTNER,2
MELINDA DEITZ,CFO,2
SANDEEP KOONER,ADMINISTRATOR,2
MANNVIR SINGH,ADMINISTRATOR,2
CORTNEE COOMER,ACCOUNTS RECEIVABLE MANAGER,2
EPHRAIM BRAUNSTEIN,MANAGER,2
DAVID BOYER,CFO,2
JAMES IMHOFF,CEO,2
MOSHE MAYER,MANAGER,2
TUVYA BLUMENKRANTZ,CFO,2
SEAN DURSO,CFO,2
HAROLD BEEBE,MANAGEING MEMBER,2
YEHUDA HOLLANDER,MANAGER,2
BRIAN HENNIS,PRESIDENT,2
SCOTT FOX,CEO,2
CHANA SHELTON,CFO,2
ZVI RHINE,MANAGER,2
CHRISTOPHER HUNT,CFO,2
RALPH VAN,CFO,2
ISAAC YENOWITZ,CHIEF FINANCIAL OFFICER,2
DAVID QUICK,COO,2
ARYEH STERN,MANAGING MEMBER,2
KATHLEEN JOKISCH,CFO,2
RYAN LEET,ADMINISTRATOR,2
AARON TERREL,OWNER,2
MARY PFEIFER,AUTHORIZED SIGNATORY,2
MICHAEL BUMPASS,MANAGING MEMBER,2
JENNI KERPER,CFO,2
ERIC MELTON,CFO,2
DAVID DUNYON,ADMINISTRATOR,2
ERIN MONTEGUT,ADMINISTRATOR,2
DAVID WAHN,CFO,2
MARIA DEFRENZA,VP FINANCE,2
CHRIS LOUDER,VICE PRESIDENT OF FINANCE,2
KEVIN MANUEL,CHEIF ACCOUNTING OFFICER,2
DAVID OSTHUS,OWNER,2
SCOTT AVERILL,OWNER,2
JEROL SCHRAG,CHIEF FINANCIAL OFFICER,2
ELIZABETH MATSON,CFO,2
PAUL VALENTINE,RECEIVER,2
YEHUDA WALDEN,CFO,2
TODD SANGSTER,CHIEF FINANCIAL OFFICER,2
BENJAMIN FRIEDMAN,OWNER,2
ARI LEV,CHIEF EXECUTIVE OFFICER,2
MATTHEW DUDDY,VP-REIMURSEMENT,2
CHRISTOPHER KNOLL,CEO,2
BRIAN KIDD,SVP/CHIEF ACCOUNTING OFFICER,2
TARA HELENTHAL,ADMINISTRATOR,2
JAY JANKELOVITS,ADMINISTRATOR,2
JOSHUA BROWN,CHIEF OPERATING OFFICER,2
JUDAH POLATOFF,ADMINISTRATOR,2
MATTHEW BOSWELL,DIRECTOR OF REGULATORY AND BUDGET,2
RALPH ZIMMERMAN,CFO,2
ALLEN SQUIRES,CFO,2
YOSSI EMANUEL,CEO,2
CHRISTOPHER NORTON,ADMINISTRATOR,2
DAN STEWARD,CHIEF FINANCIAL OFFICER,2
MARCELLA GRAF,CFO,2
CHRISTOPHER GREEN,CHIEF FINANCIAL OFFICER,2
JANET NOLAN,CONTROLLER,2
LORINDA SCHALK,SR VP OF FINANCE AND OPERATIONS,2
KEN FRANIAK,CFO,2
MARSHA KAUFFMAN,CHIEF FINANCIAL OFFICER,2
GARET WESTON,CFO,2
TODD HIGHTOWER,MANAGER,2
DENISA FEDDERSEN,CFO,2
GREG MITCHELL,EXECUTIVE VP,2
SUSAN ALBRIGHT-ROSS,CHIEF OPERATING OFFICER,2
MARGO HOLM,CFO,2
JIM KACZROWSKI,DIRECTOR OF FINANCE,2
JEREMY GRIMES,MANAGER,2
MYRA MAY,PRESIDENT,2
ALLEN LEUNG,PRESIDENT,2
SHIJIMATHEW CHERUKARA,CFO,2
JAMES KILIAN,C.F.O.,2
NIKKI KISGEN,CEO,2
DAVID AYERS,ADMINISTRATOR,2
PHILIP DAVIS,VICE PRESIDENT,2
ROBERT DILLAN,CONTROLLER,2
MARISSA COOK,VP OF FINANCE,2
EWING GOURLEY,CEO,2
DAVID KOSCHITZKI,CFO,2
ULYSSES ARNOLD,CFO,2
MAXINE BRIGGS,CHIEF FINANCIAL OFFICER,2
LENA LEVITINA,CONTROLLER,2
STEVEN GOLDSTEIN,PRESIDENT,2
JACOB ZAHLER,MANAGER,2
DIANE GUMBERT,CFO,2
CHERYL MASIDDO,COMPTROLLER,2
RUDOLF HERZKE,PRESIDENT,2
NEFI GUZMAN,ADMINISTRATOR,2
YOSEF MITTELMAN,CFO,2
ALAN MARKOWITZ,OWNER,2
KATHERINE ALI,ADMINISTRATOR,2
DERIK GHOOKASIAN,COO,2
DOV JACOBS,CEO,2
CIPRIANO BAUTISTA,ADMINISTRATOR,2
JOHN C FINLEY,CHIEF FINANCIAL OFFICER,2
SYED RASHID,CONTROLLER,2
MATTHEW KARP,CEO,2
TYLER NELSON,CHIEF FINANCIAL OFFICER,2
ALAN SPRAGINS,COO & GENERAL COUNSEL,2
MARCUS EVANGELISTA,CONTROLLER,2
TRAVIS THOMPSON,SENIOR ACCOUTING DIRECTOR,2
SHAWN BISHOP,VP REVENUE & REIMBURSEMENT,2
DR. EDISON MIYAWAKI,OWNER,2
EPHRAIM FINK,CFO,2
SHALOM MENORA,CFO,2
ROGER TICHENOR,DIRECTOR,2
MOSHE HERMAN,MEMBER,2
SHELDON WOLFE,PRESIDENT,2
LUCY QUING XIE,CEO,2
TIM THORNTON,CFO,2
JAY GITTLESON,AUTHORIZED SIGNATORY - MANAGER,2
MARVIN MERMELSTEIN,PRESIDENT,2
DAVID WEINBERGER,CFO,2
RYAN KING,CONTROLLER,2
ELI MIRLIS,OWNER,2
MOSHE KAHN,OWNER,2
KEVIN SALMINEN,CHIEF FINANCIAL OFFICER,2
CAROLYN WILHELM,CHIEF FINANCIAL OFFICER,2
YEHUDA GRUMAN,COO,2
RODNEY MARTZALL,CFO,2
ANDREW BORZUMATO,VP OF FINANCE AND ACCOUNTING,2
SUSAN POTTS,DIRECTOR OF OPERATIONS,2
MARTY LOEB,CONTROLLER,2
BRIAN FALLON,VICE PRESIDENT OF FINANCE,2
KEVIN WHITLOCK,DIRECTOR OF FINANCE,2
JOETTE KELLEY-BROWN,PRESIDENT,2
JEN DAUGHERTY,MANAGING PARTNER,2
BARUCH KLEIN,CFO,2
SHANE MCGUIRE,CFO,2
TERRANCE BRANN,CFO,2
MIKE FAULKNER,CFO,2
LINDSEY DEHRING,VP OF FINANCE,2
STEPHEN CLAY TAYLOR,CEO,2
CHRISTINE ODEN,CFO,2
VELVY LIEBERMAN,OWNER,2
JEFF ANDERSON,CFO,2
AMY RUNGE,CHIEF FINANCIAL OFFICER,2
JEFFREY CARRAWAY,CFO,2
LIVIA LISKER-BLOUNT,VP OF FINANCE/CFO,2
KATHRYN OVERACKER,MEMBER AGENT,2
TIMOTHY JONES,CFO,2
JOHN BARNUM,CHIEF FINANCIAL OFFICER,2
ROGER YOST,CFO,2
DOUG WINNER,CFO,2
LINDA DEHART,VICE PRESIDENT  FINANCE,2
STEVE MYERS,CFO,2
JAMES WALSH,EXECUTIVE DIRECTOR,2
RAYMOND MARNERIS,CFO,2
JOHN STANTON,CHIEF FINANCIAL OFFICER,2
LANCE SMITH,EXECUTIVE DIRECTOR,2
GLEN POWERS,CFO,1
KIM DELATTE,CONTROLLER,1
GEDALIAH WIELGUS,CHIEF FINANCIAL OFFICER,1
MARY NORWOOD,OWNER,1
STACIE DE GOEY,ADMINISTRATOR,1
ANDREA OTIS-HIGGINS,CHIEF OPERATING OFFICER,1
BROOKE HIXSON,CONTROLLER,1
SHELLEY CARNEY,CONTROLLER,1
DAVID MAK,CFO,1
JAMES BATTEN,PRESIDENT,1
MEYER MEYSTEL,CEO,1
JIM MARSH,CFO,1
CARRIE RICCIO,ADMINISTRATOR,1
PAYTEN KNOWLES,ADMINISTRATOR,1
EPHRAIM FINK,VP OF FINANCE CFO,1
BEN GARRETT,CEO,1
SHARON HUSTON,ADMINISTRATOR,1
DAVID OWENS,CONTROLLER,1
RHONDA REGO,TRANSITION COORDINATOR,1
ED WILSON,ADMINISTRATOR,1
JUDITH TEWKSBURY,FISCAL MANAGER,1
KEIRA THOMAS,CONTROLLER  RECEIVERSHIP GROUP,1
BART MURPHY,DIRECTOR OF FINANCE,1
DEBORAH BARNES,ADMINISTRATOR,1
RHONDA SPECE,CFO,1
DAVID CARLSTON,ADMINISTRATOR,1
TANIKA BAILEY,ADMINISTRATOR,1
CHARLES JAMES,ADMINISTRATOR,1
AUGUSTUS GRAY,AUGRAY@ENSIGNSERVICES.NET,1
KATHLEEN SHIELDS,DIRECTOR OF FINANCE,1
ROBERT BRAUBITZ,CFO,1
BRIAN REYNOLDS,PRESIDENT,1
ADAM CARNES,ADMINISTRATOR,1
AARON FARNSWORTH,ADMINISTRATOR,1
KYLE PETERSON,ADMINISTRATOR,1
NARINDERPAL GILL,ADMINISTRATOR,1
ROSS BRADFIELD,ADMINISTRATOR,1
GABRIEL BARRAZA,ADMINISTRATOR,1
ROBERT GRAY,ADMINISTRATOR,1
RACHEL HURLEY,ADMINISTRATOR,1
MOTI NINIO,CHIEF EXECUTIVE OFFICER,1
ERIN FINN,SVP & CHIEF FINANCIAL OFFICER,1
KAREN HENRY,CFO,1
JOSH BEERBOWER,CFO,1
CHARLES GLADNEY,MANAGING MEMBER,1
KONDI KULISEWA,ADMINSTRATOR,1
LIISA LIVINGSTON,CFO,1
JOSHUA EVERY,ADMINISTRATOR,1
KYLE ALBRECHTSEN,ADMINISTRATOR,1
CAUSHA TALLEY,ADMINISTRATOR,1
GARTH LAND,ADMINISTRATOR,1
SHAUN BALDWIN,ADMINISTRATOR,1
JONAH MORGAN,ADMINISTRATOR,1
CHERI MITCHELL,ADMINISTRATOR,1
MOLLY J NEVITT,CFO,1
JESSIE RORIGUEZ,CFO,1
ALAN TUTTEROW,CFO,1
CHRISTOPHER BARLEY- HUDNALL,ADMINISTRATOR,1
NELSON PHELPS,ADMINISTRATOR,1
JERRY TOCHTERMAN,ADMINISTRATOR,1
ROOHI KAPOOR,ADMINISTRATOR,1
FROI NUNEZ,CONTROLLER,1
DEBRA DANFORTH,COMP HEALTH DIVISION DIRECTOR,1
RAYMOND WATT,MANAGING MEMBER,1
KRIS MADISON,ADMINISTRATOR,1
JERRY HOYLER,ADMINISTRATOR,1
CINDY MONTGOMERY,ADMINISTRATOR,1
LARRY PRICE,CFO,1
DEAN CHUNG,CONTROLLER,1
CHRISTOPHER CANTRELL,ADMINISTRATOR,1
ROBERTA ROSENBERGER,FACILITY ADMINISTRATOR,1
STACEY ROGERS,CHIEF FINANACIAL OFFICER,1
ANDREW BARROW,CFO,1
SHAUN MASTROIANNI,COO/ ADMINISTRATOR,1
STAN BURTON,INVESTOR,1
KIM STALLINGS,CEO,1
SUSAN PAULSEN,VICE-PRESIDENT,1
JULIA HANOVER,CFO,1
PAUL SHELTON,VP AND CFO,1
MICHELE SLATER,DIRECTOR OF FINANCE,1
CARLO OLETA,ADMINISTRATOR,1
CYDNE SHARPE,VP OF OPERATIONS,1
ISABEL TILNEY,ADMINISTRATOR,1
RANDALL MYERS,ADMINISTRATOR,1
HOLLY YUO,CHIEF FINANCIAL OFFICER,1
SAM PRICE JR,CFO,1
ELIZABETH GATELL,ADMINISTRATOR,1
LORETTA LONG,CFO,1
CHRISTOPHER MOONEY,CFO,1
JOEL DYSON,ADMINISTRATOR,1
JOSEPH WENGER,VP OF FINANCE/CFO,1
CRAIG KANTOS,CEO,1
W. RUSSELL GARDNER,CFO,1
DAVID MYERS,CHIEF FINANCIAL OFFICER,1
JOE COLEMAN,ADMINSTRATOR,1
MICHELLE EHRENBERG,ADMINISTRATOR,1
BRAD SITZBERGER,DIRECTOR OF FINANCE,1
CHRISTOPHER HALL,ADMINISTRATOR,1
ERICA BOYD,ADMINISTRATOR,1
PAULA DEPINTO,CHIEF FINANCIAL OFFICER,1
NATHAN MOFFIE,ADMINISTRATOR,1
ROGER SLIBY,VICE PRESIDENT FINANCE  CFO,1
JESSICA CAFARELLI,CFO,1
RUSSELL SCHWARTZ,VICE PRESIDENT,1
HORACE WINCHESTER,MEMBER,1
JACOB BOMPASTORE,ADMINISTRATOR,1
MICHAEL PERRY,CFO,1
ELIZABETH MCCLELLAN,EXECUTIVE DIRECTOR,1
ASHLEY NICHOLSON,ADMINISTRATOR,1
PATRICIA MORSE,PRESIDENT AND CEO,1
MEGAN GARZA,ADMINISTRATOR,1
MARGARET BRANDT,ADMINISTRATOR,1
SHAROLYN KRIGER,ADMINISTRATOR,1
SHANE SISSEL,OWNER,1
PETER MUNGAI,ADMINISTRATOR,1
BENJAMIN SPENCE,CFO,1
DAVID LAWLOR,CFO,1
WILLIAM GINTER,CFO,1
TIMOTHY KALBFLEISCH,CHIEF FINANCIAL OFFICER,1
TAMMY GJERDE,FINANCE DIRECTOR,1
RYAN SHEAR,VICE PRESIDENT,1
TENISHA HARRISON,ADMINISTRATOR,1
EMILY MILLER,ADMINISTRATOR,1
SHAUN POWELL,CEO / CFO,1
MICHELLE PASCETTA,CHIEF FINANCIAL OFFICER,1
WILLIAM WHITE,PRESIDENT,1
MALEY HUNT,ADMINISTRATOR,1
RENATA COCOZZA,ADMINISTRATOR,1
LINDSEY BEYER,ADMINISTRATOR,1
BRENT CONKLIN,CHIEF FINANCIAL OFFICER,1
JAMES WEAVER,VP OF FINANCE,1
SHAY WOOD,ADMINISTRATOR,1
DEBRA SAMORAJCZYK,ADMINISTRATOR,1
VICKI GYBA,ADMINISTRATOR,1
ALISSA HAYNAK,ADMINISTRATOR,1
TRACY BIESECKER,CHIEF FINANCIAL OFFICER,1
SANDRA LOFTIN,ASMINISTRATOR,1
LORI LAMBERT,CHIEF FINANCIAL OFFICE,1
ROBERT CHANDLER,CFO,1
KIMBER KLEVEN,ADMINISTRATOR,1
LISA LOWE,INTERIM ADMINISTRATOR,1
MAUREEN CAHILL,CEO,1
RICHARD SILVERIA,CFO,1
CHRISTENSEN CONOR,ADMINISTRATOR,1
LISA RYAN,ADMINISTRATOR,1
TROY HANSON,VP/CFO,1
JOHN KELLY,ADMINISTRATOR,1
HENNIE GRUNFELD,FINANCE SUPERVISOR,1
LISA ATILANO,VP OF HEALTH CARE SERVICES,1
JOHN MILLER,EXECUTIVE DIRECTOR,1
STEPHANIE BRYANT,ADMINISTRATOR,1
TIM CAIN,EXECUTIVE DIRECTOR,1
TERESE FOX,CFO,1
CONNIE EDWARDS,ADMINISTRATOR,1
MICHELLE JUST,CEO,1
BRENDA MARINAN,ADMINISTRATIVE,1
BRAD MORTENSEN,EXECUTIVE DIRECTOR,1
MEGAN DAVIS,ADMINISTRATOR,1
MARADITH JANSSEN,ADMINISTRATOR,1
DAN SPELLERBERG,CFO,1
ROBERT JOHANNSEN,ADMINISTRATOR,1
MARK HAYES,PRESIDENT AND CEO,1
KERRI LAUTERBACH,CHIEF EXECUTIVE OFFICER,1
CLINTON CARTER,SYSTEM CFO,1
CARLOS CASTILLO,ADMINISTRATOR,1
MICHELLE ROBISON,EXECUTIVE DIRECTOR,1
MOHAMMAD HAMMAD,ADMINISTRATOR,1
CINDY SCHEUBLEIN,EXECUTIVE DIRECTOR,1
CHRISTOPHER PARKER,EXECUTIVE DIRECTOR,1
KATHRYN L. ABRAHAMSEN,PRESIDENT,1
DAVID PANTELEAKOS,ADMINISTRATOR,1
MICHAEL FIORE,ADMINISTRATOR,1
FRED RZEPKA,PRESIDENT,1
MARISSA KOWAL,ADMINISTRATOR,1
STEPHEN BARRETT,EXECUTIVE DIRECTOR,1
TINA RICHARDSON,ADMINISTRATOR,1
JENNESA LECLAIR,ADMINISTRATOR,1
MARJORIE SIMPSON,ADMINISTRATOR,1
CHARLES ROSE,CHIEF FINANCIAL OFFICER,1
PATRICK MCDONNELL,ADMINISTRATOR,1
MARTIN JULMISSE,ADMINISTRATOR,1
BETHANY CAMPUTARO,ADMINISTRATOR,1
JAY KATZ,CEO / ADMINISTRATOR,1
SHELLEY JACKSON,OWNER,1
CYNTHIA POHL,CHIEF FINANCIAL OFFICER,1
LYNN ANDERSON,CFO,1
SCOTT PORTER,EXECUTIVE DIRECTOR,1
TIM WETZEL,EXECUTIVE DIRECTOR,1
DEVON CRAM,MANAGER,1
JAMES WILKES,PRESIDENT,1
KATRINA BRUNER,ADMINISTRATOR,1
SCOTT HALBACH,ADMINISTRATOR,1
JIM HERSHBERGER,FINANCE DIRECTOR,1
TRACY BRUNS,ADMINISTRATOR,1
CHALEE MICHAEL,ADMINISTRATOR,1
BRADLEY WOODWORTH,GENERAL MANAGER,1
HEATHER GERMANN,ADMINISTRATOR,1
AARON KELLEY,ADMINISTRATOR,1
ABIGAIL SCHMIDT,ADMINISTRATOR,1
JUDY KREGAR,ADMINISTRATOR,1
LOGAN HOLT,ADMINISTRATOR,1
VEENA BOLEN,ADMINISTRATOR,1
NIKKI SCHMITZ,ADMINISTRATOR,1
BARBARA WHITNEY,ADMIKNISTRATOR,1
STACIE DEGOEY,ADMINISTRATOR,1
BREANNA GREGORY,ADMINISTRATOR,1
TRAVIS BECKER,CHIEF FINANCIAL OFFICER,1
MEGAN HUMKE,ADMINISTRATOR,1
TERRY SKAGGS,CFO,1
WAYNE PRINTY,CFO,1
PHIL CYR,OWNER,1
VINCENT T. MCDERMOTT,SVP  CFO,1
MARIA OCONNELL UNDA,EXECUTIVE DIRECTOR,1
MARK JOHNSON,CHIEF FINANCIAL OFFICER,1
MARTHA RICHARD,ADMINISTRATOR,1
CHRISSY KREBS,ADMINISTRATOR,1
ROBERT RABIDEAU,ADMINISTRATOR,1
ALECIA GOUDREAU,ADMINISTRATOR,1
DENISE PERRY,ADMINISTRATOR,1
MERCEDES SCHIRRIPA,ADMINISTRATOR,1
BRIAN OBERLY,ADMINISTRATOR,1
LYNN MARCOTTE,ADMINISTRATOR,1
SCOTT JACKSON,ADMINISTRATOR,1
LEIGH MCLEOD,EXECUTIVE DIRECTOR,1
RON OJA,ADMINISTRATOR,1
JENNIFER MANNING,ADMINISTRATOR,1
CARLY MACDONALD,ADMINISTRATOR,1
ALAN MARKOWITZ,ADMINISTRATOR,1
JASON CARLSON,ADMINISTRATOR,1
KEVIN HARGUTH,CFO,1
ROBIN MORRIN,ADMINISTRATOR,1
DUSTIN BRUGGMAN,CHIEF FINANCIAL OFFICER,1
ROXANNE GOSSON,ADMINISTRATOR,1
ELSA NISKA,ADMINISTRATOR,1
TYLER AHLF,EXECUTIVE DIRECTOR,1
STEPHANIE FAIRCHILD,EXECUTIVE DIRECTOR,1
STEPHANIE FISCHER,ADMINISTRATOR,1
BRENDA MOSER,FINANCE ADMINISTRATOR,1
CHERYL GUSTASON,ADMINISTRATOR,1
LAURA BORRIS,ADMINISTRATOR,1
JANICE HOWE,ADMINISTRATOR,1
JOSEPH MASON,ADMINISTRATOR,1
BRENDA MOSER,FINANCIAL ADMINISTRATOR,1
BRANDON MILLER,CFO,1
SHELBY JASS,CEO/ADMINISTRATOR,1
ASHLEY MCNALLY,ADMINISTRATOR,1
SHANNA ECKBERG,CEO/ADMINISTRATOR,1
BOBBY SWYMELER,ADMINISTRATOR,1
REBECCA HUMPHREY,ADMINISTRATOR,1
MATT BEAMER,CEO,1
SHANNON LYNCH,CEO,1
ANTHONY PUCCIO,CFO,1
ELIZABETH MBAKAYA,CFO,1
JOHN COBURN,CFO,1
THOMAS FORD,EXECUTIVE DIRECTOR,1
TIM ROSS,OWNER,1
CLIFFORD MARS,CFO,1
JEFF PETTY,PRESIDENT/CEO,1
PAIGE WELCH,ADMINISTRATOR,1
JORDAN FISH,ADMINISTRATOR,1
MICHELE GOLDMAN,MANAGER,1
MARYSUE KELSEN,CFO,1
DEENA LANE,EXECUTIVE DIRECTOR,1
JENNIFER HICKLIN,CFO,1
DONNA CASNER,VP OF FINANCE,1
MELISSA THOMPSON,CHIEF FINANCIAL OFFICER,1
MATTHEW HANSELMAN,INTERIM CFO,1
CAROL WILKES,ADMINSTRATOR,1
NANCY KAO,EXECUTIVE DIRECTOR,1
CAROL HUNTER,CFO,1
BETTYJEAN YOUNGBLOOD,ADMINISTRATOR,1
ROBERT EAGAR,ADMINISTRATOR,1
CLAYTON WAGNER,ADMINISTRATOR,1
TYSON ERDMANN,ADMINISTRATOR,1
CORY WILLIAMS,ADMINISTRATOR,1
DOUG BOWEN,ADMINISTRATOR,1
JAY CHRISTOPHERSON,ADMINISTRATOR,1
DALLIN HAMMOND,ADMINISTRATOR,1
MARK GLAZIER,ADMINISTRATOR,1
THOMAS WELKER,ADMINISTRATOR,1
JOSHUA PRESTWICH,ADMINISTRATOR,1
JENNA NEYER,EXECUTIVE DIRECTOR,1
FRANCISCO RODRIGUEZ,ADMINISTRATOR,1
NICHOLAS NARDUCCI,ADMINISTRATOR,1
ARJUN PURVIS,ADMINISTRATOR,1
MICHELLE RASLIND MORA,ADMINISTRATOR,1
LUIS ALBERT,CEO,1
BERNARD FRIEDMAN,OWNER,1
BRYCE KELEKOMA WONG,ADMINISTRATOR,1
HUGO RAMIREZ SANCHEZ,ADMINISTRATOR,1
TODD TRUAX,ADMINISTRATOR,1
ANDREW LAFFLAM,ADMINISTRATOR,1
WILLIAM FOSTER,ADMINISTRATOR,1
BRIANNA JONES,ADMINISTRATOR,1
DOUG FOLSOM,CFO,1
GAVIN MONTEATH,ADMINISTRATOR,1
ANDREW SIEVERS,ADMINISTRATOR,1
CALENE COLE,ADMINISTRATOR,1
JAMES EMPEY,ADMINISTRATOR,1
PATRICIA VILT,SVP FINANCE,1
TRAVIS HINZ,ADMINISTRATOR,1
SAM KUHN,ADMINISTRATOR,1
TANYA POWELL,ADMINISTRATOR,1
BRIANNE FISTER,ADMINISTRATOR,1
JALISSA WINN,ADMINISTRATOR,1
HEATHER SELLS,ADMINISTRATOR,1
WESLEY JAY WILLS,ADMINISTRATOR,1
BLAIR BOYNTON,ADMINISTRATOR,1
MARCUS NAQUIN,ADMINISTRATOR,1
STEVE WOMACK,MANAGER/MEMBER,1
CYNTHIA WALTERS,PRESIDENT & CEO,1
PHILIP MEYER,PRESIDENT,1
SUSAN MAGLUILO,ADMINISTRATOR,1
MARK SORRENTO,ADMINISTRATOR,1
NATALIE BATTISTA,ADMINISTRATOR,1
MELISSA WNUK,ADMINISTRATOR,1
LINDA GATIER,ADMINISTRATOR,1
LAURA SCHILARE,VP OF FINANCE,1
JAMES RAPHAEL,ADMINISTRATOR,1
JORDAN STROHL,ADMINISTRATOR,1
ROBERT REYES,ADMINISTRATOR,1
EVAN GOLD,ADMINISTRATOR,1
COURTNEY MULSON,CFO,1
JEFF EHLERS,CFO,1
JOHN MCCONNELL,ADMINISTRATOR,1
ANDREW MCQUILLEN,ADMINISTRATOR,1
JOSE RODRIGUEZ,ADMINITRATOR,1
STEVEN E FRIEDMAN,COO,1
EMBER SOUCHET,DIRECTOR OF ASSET MGMT,1
BRENT HINSON,ADMINISTRATOR,1
BLAKE MILLER,ADMINISTRATOR,1
PEGGY C MOORE,ADMINISTRATOR,1
BENJAMIN FLINDERS,ADMINSTRATOR,1
CARL MOODY,ADMINISTRATOR,1
MATTHEW PAYNE,ADMINISTRATOR,1
DAVID HEYER,PRESIDENT/ADMINISTRATOR,1
SCOTT BERGIN,CFO,1
JOE HELAMN,SVP,1
GLYNN CABERTE,CHIEF FINANCIAL OFFICER,1
NAJIB BASSAM YAMAK,ADMINISTRATOR,1
FRANCISCO MENDOZA,ADMINISTRATOR,1
DARRELL PRICE,MANAGING MEMBER,1
BRADLEY WILLITS,ADMINISTRATOR,1
TROY LANGDALE,CEO,1
AUSTIN CHAPMAN,ADMINISTRATOR,1
EVA ENGELHART,RECEIVER,1
JULIA LANIER,ADMINISTRATOR,1
AMADOR ORTEGA JR.,ADMINISTRATOR,1
DAVID FRIEDMAN,PREDIDENT,1
MARK GARDNER,ADMINISTRATOR,1
RONALD COOK,ADMINISTRATOR,1
KEITH ENGLADE,ADMINISTRATOR,1
LARA ALATISE,ADMINISTRATOR,1
CURTIS RODOWICZ,ADMINISTRATOR,1
NICOLA ANDREWS-HOLMES,ADMINISTRATOR,1
BRUCE BLAKE,CFO,1
SEAN CHENEY,ADMINISTRATOR,1
MELISSA TRUESDELL,ADMINISTRATOR,1
SCOTT PIGGOTT,ADMINISTRATOR,1
BRADEN BAIR,CHIEF EXECUTIVE OFFICER,1
JANELLE CHADWICK,ADMINISTRATOR,1
DANIEL DOW,ADMINISTRATOR,1
DIRK TIMM,ADMINISTRATOR,1
MELANIE ERVIN,ADMINISTRATOR,1
MICHAEL ANDERSON,ADMINISTRATOR,1
STEVE MULFORD,ADMINISTRATOR,1
LEAH NELSON,ADMINISTRATOR,1
JESSICA LIST,ADMINISTRATOR,1
DION SCHRACK,EXECUTIVE ADMINISTRATOR,1
BETH DIERS,ADMINISTRATOR,1
TRACY BOHRER,ADMINISTRATOR,1
STEPHANIE ANDERSON,ADMINISTRATOR,1
JASON STUCKY,CHIEF EXECUTIVE OFFICER,1
TERESA MCCOMB,ADMINISTRATER,1
RICKY HAYES,ADMINISTRATOR,1
JULIUS MBEBOH,ADMINISTRATOR,1
JULIE SESSA,CFO,1
ASEDA ABORGAH,ADMINISTRATOR,1
KRISTINE DONNELLY,EXECUTIVE DIRECTOR,1
KERRY MULLEN,ADMINISTRATOR,1
JAYNE SABAITIS,ADMINISTRATOR,1
JANNICE LAMM,ADMINISTRATOR,1
JEANINE JUNKER,ADMINISTRATOR,1
WILJUN SUNGA,CFO,1
LAWRENCE SULLIVAN,ADMINISTRATOR,1
JOSEF BOGDAN,ADMINISTRATOR,1
NICHOLAS CARR,DIRECTOR OF FINANCE,1
MARTA SANTIAGO,ADMINISTRATOR,1
BENZION SCHACHTER,MANAGING MEMBER,1
MICHAEL MELNICKE,COB,1
YEHUDA EISEN,ADMINISTRATOR,1
SUSAN WELGE,ADMINISTRATOR,1
ZACHARY JENSEN,SENIOR DIRECTOR,1
TANYA HAHN,CFO,1
ROBERT REICHARD,VP OF FINANCE,1
NATHAN BROWN,OWNER,1
FRANK HUBA,CFO,1
MICHELE ENGELBACH,CEO,1
NACHUM WAGSCHAL,PRESIDENT,1
CHRIS WRIGHT,CEO,1
JOANN BAZANOS,CFO,1
CHARLES DIETRICH,ADMINISTRATOR,1
HERSCHEL MURNER,ADMINISTRATOR,1
JOE NEAL,MANAGING MEMBER,1
DEVIN BREWER,ADMINISTRATOR,1
RHONDA NELSON,CONTROLLER,1
SRAVANTHI DASARI,ADMINISTRATOR,1
KRISTINA MILLS,ADMINISTRATOR,1
MELINDA BRADLEY,ADMINISTRATOR,1
JASON ANDERSON,ADMINISTRATOR,1
BRETT WATSON,ADMINISTRATOR,1
AMANDA LANSER,ADMINISTRATOR,1
SINFOROSA JUMAWAN,ADMINISTRATOR,1
HENRIK CLAUSEN,VP FINANCE/CFO,1
SARA JACOBS,EXECUTIVE DIRECTOR,1
LYNN HOWARD,ADMINISTRATOR,1
SUSAN FLOYD,ADMINISTRATOR,1
MICHAEL NUNEZ,DISTRICT CFO,1
STEVEN AILEY,CHIEF FINANCIAL OFFICER,1
JASON QUICK,CHIEF FINANCIAL OFFICER,1
BRADY JOHNSON,ADMINISTRATOR,1
GRACEN HAWLEY,OWNER,1
MATT HARTLEY,ADMINISTRATOR,1
AHARON WEISS,CEO,1
CHRIS WILLIS,ADMINISTRATOR,1
LESLIE MICHELLE PHILLIPS,ADMINISTRATOR,1
JENNIFER TAYLOR,ADMINISTRATOR,1
BRETT HILL,ADMINISTRATOR,1
JACE PADILLA,ADMINISTRATOR,1
CURTIS WHITE,ADMINISTRATOR,1
RACHELLE SIRON,CHIEF ADMINISTRATIVE OFFICER,1
HENRY KIM,ADMINISTRATOR,1
PAUL RICHARD LEDOUX,ADMINISTRATOR,1
JOSHUA SONTAG,ADMINISTRATOR,1
MARCIA GOMEZ,ADMINISTRATOR,1
TERRI NICKI ANNO,ADMINISTRATOR,1
VERNANDO CAMPBELL,ADMINISTRATOR,1
KENNETH NICHOLS,COO,1
TONY OSPINA,ADMINISTRATOR,1
CANDY BOWLING,CFO,1
MONICA CALONGE,ADMINISTRATOR,1
JONATHAN CORBIN,CFO,1
ROBERT NAHMENSEN,CHIEF EXECUTIVE OFFICER,1
ADAM JENKINS,CHIEF EXECUTIVE OFFICER,1
MICHAEL DAVIS,CHIEF EXECUTIVE OFFICER,1
MEIR KATZENSTEIN,CHIRF EXECUTIVE OFFICER,1
BRENT BASKERVILLE,ADMINISTRATOR,1
BEN LEIKER,ADMINISTRATOR,1
LAWRENCE CRAMER,SEC/TREAS,1
DAVID LALANDE,ADMINISTRATOR,1
JACK SANDERS,CHIEF FINANCIAL OPERATOR,1
JONATHON REED,ADMINISTRATOR,1
LAUREN MCCRAINE,ADMINISTRATOR,1
GABRIEL REYNOLDS,ADMINISTRATOR,1
CRAIG ROBERT HENSGENS,ADMINISTRATOR,1
JOHN RHETT WIMBERLY,ADMINISTRATOR,1
ELIZABETH DAWN MILLER,ADMINISTRATOR,1
MITCHELL ROUSSEAU,CONTROLLER,1
EZEDUBE EZE,ADMINISTRATOR,1
MARK MCELWEE,ADMINISTRATOR,1
TAMIYA BASKERVILLE,ADMINISTRATOR,1
HOPE NEVINS,ADMINISTRATOR,1
KAMAL KOHLI,ADMINISTRATOR,1
AMI KANU,ADMINISTRATOR,1
JULIAN NWOKEUKU,ADMINISTRATOR,1
EILEEN ALEXANDER,ADMINISTRATOR,1
RODOLFO PARRA,CEO,1
BRIAN BERNANDER,OWNER/CEO,1
WHITNEY WILDING,ADMINISTRATOR,1
SETH ANDERSON,ADMINISTRATOR,1
SONIA VELMONTE,ADMINISTRATOR,1
ZEV FISHMAN,ADMINISTRATOR,1
SHABSI TRAVITSKY,ADMINISTRATOR,1
TIMOTHY DALLOS,ADMINISTRATOR,1
KEVIN VOLLBRECHT,ADMINISTRATOR,1
RICHARD PINELES,ADMINISTRATOR,1
SCOTT ROYER,ADMINISTRATOR,1
SAM ATLAS,ADMINISTRATOR,1
CELESTE JOHNSON,ADMINISTRATOR,1
RICHARD GOLDSTEIN,EXECUTIVE DIRECTOR,1
AARON LABKOVSKY,ADMINISTRATOR,1
RICHARD HAND,SVP FINANCE,1
SIMON YOUNG,CONTROLLER,1
YEHUDA GREEN,ADMINISTRATOR,1
MICHAEL TREFF,MEMBER,1
NOSSON COHEN,ADMINISTRATOR,1
ELI BERMAN,ADMINISTRATOR,1
UMANG SHAH,ADMINISTRATOR,1
DAVID GROSS,PRESIDENT,1
MORDECHAI KRAUS,ADMINISTRATOR,1
YONASON STEIF,ADMINISTRATOR,1
ARI VINITSKY,ADMINISTRATOR,1
URI LIPSCHITZ,ADMINISTRATOR,1
DIMITRY SCHWARTZ,ADMINISTRATOR,1
MORDECHAI FISHMAN,CEO,1
VISHAL CHHEDA,ADMINISTRATOR,1
HELEN BAUTISTA,ADMINISTRATOR,1
LAUREN POTE,ADMINISTRATOR,1
RALPH NEUMAN,ADMINISTRATOR,1
RICH MOLFETTA,CHIEF OPERATING OFFICER,1
NEIL SCHLISSEL,CONTROLLER,1
ISAAC ABTAN,ADMINISTRATOR,1
MAYER GUTMAN,CONTROLLER,1
MICHAEL MELNICKE,OPERATROR,1
SANDRA PITTERSON-COHEN,CHIEF FINANCIAL OFFICER,1
ROBERT BARANELLO,ADMINISTRATOR,1
JENNIE I. SUSH,SENIOR BUDGET ANALYST,1
YEKUSIEL DREZDNER,CONTROLLER,1
CHAIM LIPSCHITZ,ADMINISTRATOR,1
JOEL ROSENBAUM,CONTROLLER,1
DOVID BAIN,ADMINISTRATOR,1
KYLE SWIM,ADMIN,1
CHRISTIE BARTLEY,ADMINISTRATOR,1
JACKLYN STOWE,CHIEF EXECUTIVE OFFICER,1
LISA MADDY,CFO,1
ROGER WILSON,ADMINISTRATOR,1
KEVIN KOLAROSKY,ADMINISTRATOR,1
STEVEN TORRES,ADMINISTRATOR,1
KATE JOHNSON,ADMINISTRATOR,1
BARBARA MORRISON,ADMINISTRATOR,1
DWIGHT OSTEEN,ADMINISTRATOR,1
ANDREW JACKSON,ADMINISTRATOR,1
MACHELLE CALAWAY,ADMINISTRATOR,1
HOLLY HOPKINS,ADMINISTRATOR,1
KENT STEBBINS,OWNER,1
JEFFERY FLETCHER,ADMINISTRATOR,1
CLAYTON SOUTH,ADMINISTRATOR,1
VIVIAN CURRIE,ADMINISTRATOR,1
KETTY HSIEH,CEO,1
LEON EVANS,CEO,1
EDIEL BARRERA,ADMINISTRATOR,1
ELIZABETH NEIHART,DIRECTOR OF ACCOUNTING,1
VIRGINIA MURRAY,DIR OF FINANCIAL SERVICES,1
RICHARD RUBLE,CEO,1
KYLE BENNETT,ADMINISTRATOR,1
TIFFANI BRADBERRY,ADMINISTRATOR,1
JORGE ROJAS,ADMINISTRATOR,1
TEDD GLAZEBROOK,TGLAZEBROOK@ENSIGNSERVICES.NET,1
ETHAN BRAMSCHREIBER,ADMINISTRATOR,1
MATTHEW LAYNE MOSER,ADMINISTRATOR,1
MATT RASBAND,CEO,1
MICHAEL TINDELL,ADMINISTRATOR,1
SHELIA MILAM,ADMINSITRATOR,1
STEPHANIE FLETCHER,ADMINISTRATOR,1
JODI LOGAN,ADMINISTRATOR,1
DEBBIE HICKS,ADMINSTRATOR,1
BRANDON BOSWELL,ADMINISTRATOR,1
CALVIN CALLAWAY,ADMINISTRATOR,1
ADRIAN DEGHANMANESH,CFO,1
DAVID STROTHER,ADMINISTRATOR,1
ASHLEY E IRTZ,ADMINISTRATOR,1
LORETHA BARNES,ADMINISTRATOR,1
MARYBETH KOPEC,VICE PRESIDENT OF FINANCE,1
ERIC HUGH,ADMINISTRATOR,1
MARISA DELUCA,ADMINISTRATOR,1
ASHLEY PARKER,ADMINISTRATOR,1
TODD KIMBLE,ADMINISTRATOR,1
AMY SAAYMAN,ADMINISTRATOR,1
LINDA WINTERS,ADMINISTRATOR,1
STACEY WILKINS,ADMINISTRATOR,1
JAMIE WEIS-JONES,ADMINISTRATOR,1
KYLE BOLDEN,ASSOC EXECUTIVE DIRECTOR,1
TRICIA DELRIO,ADMINISTRATOR,1
MATT BALTZ,ADMINISTRATOR,1
ROSS BAIRD,ADMINISTRATOR,1
DUSTIN BLEWETT-BECKVOLD,CHIEF EXECUTIVE OFFICER,1
ANDREW HARRIS,EXECUTIVE DIRECTOR,1
ARI MOREMAN,MEMBER,1
BRIAN CAUSEY,CEO,1
KIMBERLY RIGDON,EXECUTIVE DIRECTOR,1
BOND BABIN,ADMINISTRATOR,1
HARRIET LOFTON,ADMINISTRATOR,1
JARVIS GILLIAM,EXECUTIVE DIRECTOR,1
MANDY HENRY,ADMINISTRATOR,1
JACK SANDERS,CHIEF FINANCIAL OFFICER,1
DANIELLE TOUPS,ADMINISTRATOR,1
AMY TOLLESON,ADMINISTRATOR,1
TAMARA DAYTON,ADMINISTRATOR,1
BOYD SOCKRIDER,ADMINISTRATOR,1
TITANIA ELBEY,ADMINISTRATOR,1
PAUL OMROD,CFO,1
ELIZABETH DANIELS,ADMINISTRATOR,1
NICOLE BANZHOFF,ADMINISTRATOR,1
RENE GOMEZ,ADMINISTRATOR,1
FERNANDA AZUCENA,ADMINISTRATOR,1
KEVIN DALESANDRO,ADMINISTRATOR,1
TIMOTHY JOHNSON,ADMINISTRATOR,1
TODD FUNK,ADMINISTRATOR,1
CARLY VEIGA,ADMINISTRATOR,1
MONICA ROMAN,ADMINISTRATOR,1
MIRIAM KATZ,PROJECT MANAGER,1
STEPHEN BUCKLEY,ADMINISTRATOR,1
REBECCA DEHAAN,ADMINISTRATOR,1
MARNA ROBERTSON,ADMINISTRATOR,1
MELISSA JURAKOVICH,ADMINISTRATOR,1
LISA ASHLEY,ADMINISTRATOR,1
KEVIN EVANS,ADMINISTRATOR,1
ERIN TUCKEY,ADMINISTRATOR,1
KAROL BUCHHOLZ,VICE PRESIDENT,1
LEE JOHNSON,ADMINISTRATOR/PRESIDENT,1
GARRY PACE,MANAGEING MEMBER,1
MARTY NORTHRIP,OWNER,1
GARRY PACE,MANAGING MEMBER,1
MATT SCHOTTLANDER,ADMINISTRATOR,1
CAROLYN ZEH,ADMINISTRATOR,1
JEAN MONNECKA,ADMINISTRATOR,1
SHLOMO FOGEL,ADMINISTRATOR,1
OMKAR PRAMNUATH,ADMINISTRATOR,1
MARGARET DAVIS,ADMINISTRATOR,1
ELIZABETH ROBERTS,ADMINISTRATOR,1
BILJANA STOJADINOVIC,ADMINISTRATOR,1
JOEL EDELSTEIN,CFO,1
CHESKY ROSENBERG,ADMINISTRATOR,1
BETH GOLDMAN,CONTROLLER,1
DANIEL MUSKIN,ADMINISTRATOR,1
JACK DEUTSH,OWNER,1
MARIA PEREZ,CEO / ADMINISTRATOR,1
JEREMY LAZAR,ADMINISTRATOR,1
MARK MURPHY,ADMINISTRATOR,1
JOSEPH BENDEN,ADMINISTRATOR,1
ROBERT DAVIS,CFO & TREASURER,1
YOSSIE EMANUEL,CEO,1
DWAYNE SHEPHERD,ADMINISTRATOR,1
DAVE CYTLAK,CFO,1
EZZIE GOLDISH,CFO,1
AMY RILEY CLANTON,COO,1
JAMES MILLER,ADMINISTRATOR,1
BOBBI MCVAY,ADMINISTRATOR,1
JOHN ANDURSKY,CFO,1
HENRY BRUBAKER,VICE PRESIDENT OF FINANCE/CFO,1
JASON CUMELLO,ADMINISTRATOR,1
MICHAEL MICKEY,PRESIDENT/CEO,1
CHARLIE BISH,ADMINISTRATOR,1
NATHAN BABINSACK,CFO,1
CARA TODHUNTER,EXECUTIVE DIRECTOR,1
SCOTT BLACK,CFO,1
SUSAN LONG,ADMINISTRATOR,1
DAVID KLINGERMAN,MANAGING MEMBER,1
NEIL BOWSER,ADMINISTRATOR,1
MELISSA BARCIC,ADMINISTRATOR,1
ROBERT SUPPER,SENIOR VICE PRESIDENT & CFO,1
JOHN BARNUM,CFO,1
STEVEN WISNIEWSKI,CFO,1
DESIREE MAURIELLO,SENIOR DIRECTOR OF FINANCE,1
DAVID MILLER,GENERAL PARTNER,1
CINDY STONE,CFO,1
GARRETT SULLIVAN,EXECUTIVE DIRECTOR,1
GREGORY HICKS JR.,ADMINISTRATOR,1
YARIBEY PABON,ADMINISTRATOR,1
KATHY GRIFFIN,CEO,1
JULIE GRISHAM,ADMINISTRATOR,1
ADRIENNE GREEN,ADMINISTRATOR,1
SCOTT BECHT,CEO,1
ROGER PEDEN,ADMINISTRATOR,1
RAJIN SALIH,ADMINISTRATOR,1
STEVEN D WOMACK,CEO,1
NICK HOPKINS,CHIEF EXECUTIVE OFFICER,1
MIGUEL RIVERA,CEO,1
KEVIN MCFEELY,PRESIDENT/CEO,1
SONJA BERG,CFO,1
KERRI MENKE,ADMINISTRATOR,1
KEIRA THOMAS,CONTROLLER - RECEIVERSHIP GROUP,1
GRANT THAYER,OWNER,1
ADORA CADE,BUSINESS OFFICE,1
COLTON LEVAR,ADMINISTRATOR,1
NEAL WORKINGER,ADMINISTRATOR,1
MIKE REGAN,VP OF FINANCE,1
JULIA FRESHWATER,EXECUTIVE DIRECTOR,1
SANDI ODORIZZI,ADMINISTRATOR,1
PATRICK PHEIFER,EXECUTIVE DIRECTOR,1
DAVID HINES,ADMINISTRATOR,1
SAMUEL AJAYI,MANAGING MEMBER,1
LAVANYA KARUNAKARAN,ADMINISTRATOR,1
CHRISTOPHER ROMNEY,ADMINISTRATOR,1
KAJAL MEHTA,CEO,1
MICHEAL PERKINS,ADMINISTRATOR,1
TROY SESSIONS,ADMINISTRATOR,1
JEREMY BOWEN,ADMINISTRATOR,1
CONNER MONKS,ADMINISTRATOR,1
JADA EXSTROM,ADMINISTRATOR,1
DANIEL WADDELL,DIRECTOR REVENUE,1
DAVID BUSH,ADMINISTRATOR,1
BRET KING,ADMINISTRATOR,1
MEGAN MAJORS,ADMINISTRATOR,1
DOUG JENSEN,ADMINISTRATOR,1
BRIEN HUBBARD,OWNER,1
SHOMNAL DATT,ADMINISTRATOR,1
RANDY TU,ADMINISTRATOR,1
JUNE HYON,ADMINISTRATOR,1
KATHERINE OH,ADMINISTRATOR,1
JEFF BELTRAN,ADMINISTRATOR,1
JACOB BEAMAN,ADMINISTRATOR,1
ELLIOT ZEMEL,MANAGER,1
FASIL WONDMAGEGN,ADMINISTRATOR,1
DELANEY MOTT,ADMINISTRATOR,1
CHAD ROWLAND,ADMINISTRATOR,1
NATALIE IARTCHIKOVA,CONTROLLER,1
CHRISTOPHER BARSTEIN,EXECUTIVE DIRECTOR,1
KEVIN TAPP,REGIONAL DIRECTOR OF OPERATIONS,1
BRIAN HESS,EXECUTIVE DIRECTOR,1
COREY BENNICI,ADMINISTRATOR,1
STEPHANIE MARKOSKI,HEALTHCARE ADMINISTRATOR,1
JENNIFER IAVARONE,ADMINISTRATOR,1
STAN WEYER,ADMINISTRATOR,1
BOB PATE,ADMINISTRATOR,1
SHAIRE CUNNINGHAM,ADMINISTRATOR,1
ANDREW J DAVEY,CFO,1
LUME BADENHORST,CFO,1
DARRIN SCHADEL,ADMINISTRATOR,1
CHRIS PINEDA,CHIEF EXECUTIVE OFFICER,1
SAM THOMPSON,CEO,1
EPHRAIM BRAUNSTEIN,MNAGER,1
TESSA DROEGE,EXECUTIVE DIRECTOR,1
BART BECKER,ADMINISTRATOR,1
JACOB MERMELSTEIN,MANAGER,1
LIN YE,CONTROLLER,1
PINNY KOFMAN,MANAGER,1
JOSH FOGEL,OWNER,1
SISTER JEANNE HALEY,PRESIDENT OF THE BOARD,1
RICHARD WEHRLE,PRESIDENT,1
JOSEPH SADLER,AUTHORIZED REPRESENTATIVE,1
ALLYSAN HATFIELD-SMITH,EXECUTIVE DIRECTOR,1
ERIC WAHLEN,ADMINISTRATOR,1
LISA DAVIS,EXECUTIVE DIRECTOR,1
MELISSA BRISTER,EXECUTIVE DIRECTOR,1
JAZMENIQUE WILLIAMS,EXECUTIVE DIRECTOR,1
THOM MELANCON,CHIEF FINANCIAL OFFICER,1
CHEYANNE CLARK,EXECUTIVE DIRECTOR,1
ALISHA BABIN,ADMINISTRATOR,1
KELBY SMITH,EXECUTIVE DIRECTOR,1
DANIEL LAING,ADMINISTRATOR,1
ANGIE LEGER,ADMINISTRATOR,1
JAKE WALLACE,ASST ADMINISTRATOR,1
KARL BRUCHHAUS,CFO,1
JAKE WALLACE,ADMINISTRATOR,1
DAWN HARVEY PSARELLIS,VP AND CHIEF ADMINISTRATIVE OFFICER,1
JANET EDGECOMB,ADMINISTRATOR,1
SARAH BECKWITH,TREASURER/CFO,1
ROXZANE HESLOP,ADMINISTRATOR,1
JULIET FOUNTAIN,ADMINISTRATOR,1
LESHAWN BAILEY,ADMINISTRATOR,1
TERRI TANNER-HILL,EXEC VP FINANCE/CFO,1
EDUARDO SALAZAR,ADMINISTRATOR,1
DEAN SMITH,ADMINISTRATOR,1
MARK ALTENWEG,CFO,1
TARA LIBBEY,ADMINISTRATOR,1
MICHAEL WALSH,MANAGER,1
LAURIE ROBERTO,ADMINISTRATOR,1
NICOLE MILLER,ADMINISTRATOR,1
TERRY ESTERLINE,ADMINISTRATOR,1
STEPHANIE CORNISH,ADMINISTRATOR,1
ADAM KINDER,CFO,1
RUTHE NEWMAN,FACILITY ADMINISTRATOR,1
BRIAN THOMPSON,CHIEF FINANCIAL OFFICER,1
SHARON FLACK,CONTROLLER,1
TODD FLIFLET,CFO,1
BECKY SHELTON,BORD OF DIRECTORS,1
RICHARD KEYES,MANANGING MEMBER,1
HEATHER CERVENY,BUSINESS OFFICE DIRECTOR,1
LORI MCINTIRE,ADMINISTRATOR,1
STEFANIE OSIEK,ADMINISTRATOR,1
RAFI CZIMENT,ADMINISTRATOR,1
BEN FRIEDMAN,ADNINISTRATOR,1
LAURIE KLEID,ADMINISTRATOR,1
BORUCH SHEPS,OPERATTOR,1
ARYI UNGER,ADMINISTRATOR,1
PERETZ STEIN,ADMINISTRATOR,1
JESSICA THOMSEN,CHIEF FINANCIAL OFFICER,1
JAY TAUB,ADMINISTRATOR,1
MORDECHAI FISHMAN,CONTROLLER,1
JAY JITZKOWITZ,CONTROLLER,1
SISTER PHILIP ANN BOWDEN,ADMINISTRATOR,1
GREGORY POWERS,ADMINISTRATOR,1
MOISHE HELLER,CFO,1
MO KRIGSMAN,ADMINISTRATOR,1
MOSHE BLACKSTEIN,ADMINISTRATOR,1
DENNIS CHRISTIANO,MANAGING PARNTER,1
JAY ITZKOWITZ,CONTROLLER,1
SOL KLEIN,OPERATOR,1
JIM JULIANO,CFO,1
CHAIM SIEGER,ADMINISTRATOR,1
ROBERT J. SYRON,PRESIDENT/CEO,1
LISA ORZADA,DIRECTOR OF BUSINESS OPERATIONS,1
ADAM CUSNER,CEO,1
CONNOR REILLY,MANAGING MEMBER,1
BROOKE THOMPSON,ADMIN,1
ALEXANDRA GARRETT,ADMIN,1
DENNIS CARVER,ADMIN,1
FELTON WOOTEN,ADMIN,1
CINDY MAHER,ADMIN,1
HEATHER MCGROARTY,ADMIN,1
WILLIAM GARDIN,ADMIN,1
JOHN STONE,ADMINISTRATOR,1
DAVID SKOLNICK,MANAGING PARTNER,1
MIKE MONTGOMERY,ADMINISTRATOR,1
GREGORY COSTELLO,ADMINISTRATOR,1
YEHUDA WENGER,COO,1
MATTHEW POOL,PRESIDENT,1
KIMBERLY BOWLES,ADMINISTRATOR,1
ED BALLIET,NHA,1
TERRY BRENNAN,ADMINISTRATOR,1
MELISSA ANDOLINA,ADMINISTRATOR,1
ELIZABETH KACHEL,ADMINISTRATOR,1
DREW LUTTON,ADMINISTRATOR,1
STEVEN ROSENWEIG,AUTHORIZED MEMEBER,1
JOSEPH TRAVAGLINI,CFO,1
ELIZABETH MCLAREN,EAMCLAREN@COVLIVING.ORG,1
DAVE BOOZER,ADMINISTRATOR,1
HUNTER HARRIS,ADMINISTRATOR,1
TREZINA WATKINS,EXECUTIVE DIRECTOR,1
JAMES WRIGHT,ADMINISTRATOR,1
JOSH FOGEL,MEMBER,1
PEYTON DODSON,CFO,1
RICHIE ANDERSON,EXECUTIVE DIRECTOR,1
ELIZABETH MCLAREN,SENIOR VICE PRESIDENT OF REVENUE-CYC,1
ALICEN HATCH,ADMINISTRATOR,1
JEREMY FREHNER,ADMINISTRATOR,1
BARUCH GIBERSTIEN,MANAGING PARTNER,1
COLIN GANNON,ADMINISTRATOR,1
MARY KOFSTAF,CEO,1
DIEU DIHN,CHIEF EXECUTIVE OFFICER,1
PAUL WADDINGTON,ADMINISTRATOR,1
ISSAC YENOWITZ,CEO,1
JULIE BINGMAN,ADMINISTRATOR,1
JUSTIN CIESLEWICZ,NHA MBA,1
KARI KRUEGER,REGIONAL VP FINANCE,1
BRIANNA KLEMP,ADMINISTRATOR,1
AMBER DONOVAN,EXECUTIVE DIRECTOR,1
JENNIFER GREEN,ADMINISTRATOR,1
GIDGET BLANK,CEO,1
JESSICA HORNING,CHIEF FINANCIAL OFFICER,1
MARISSA COOK,VICE PRESIDENT OF FINANCE,1
JAY ANDRESS,ADMINISTRATOR,1
ANN NOVAK,ADMINISTRATOR,1
PAUL CONTRIS,CEO,1
SETH BRAITHWAITE,ADMINISTRATOR,1
JAY NELSON,ADMINISTRATOR,1
ZAHRA GHORBANI,ADMINISTRATOR,1
LEON VALLE,ADMINISTRATOR,1
SADIE HARNESS,ADMINISTRATOR,1
WILLIE SHERMAN,ADMINISTRATOR,1
DONALD MCCASKILL,OWNER,1
MIKE ANDREASEN,SENIOR VICE PRESIDENT,1
CHUMLEY@XIT.NET CHUMLEY,PRESIDENT OF THE BOARD,1
MEGAN BURCH,ADMINISTRATOR,1
AMANDA MAY,ADMINISTRATOR,1
JEANNETTE DIXON,ADMINISTRATOR,1
RYAN GOLDBARG,ADMINISTRATOR,1
PAUL GUSTAFSON,ADMINISTRATOR,1
LEONARD KOENIG,ADMINISTRATOR,1
AKEEM ABIOLA,ADMINISTRATOR,1
IAN CROOK,CEO,1
KELLY ASJWORTH,EXECUTIVE VICE PRESIDENT,1
WILLIAM CASSIDY,ADMINISTRATOR,1
MROGAN WRIGHT,MANAGER OF REPORTING,1
KURT SAPP,ADMINISTRATOR,1
DESTINY WILKINS,ADMINISTRATOR,1
ANDREA ROSS,ADMINISTRATOR,1
KATHY YOUNQUIST,CHIEF FINANCIAL OFFICER,1
SHARI EMBREE,ADMINISTRATOR,1
PAULETTE DIDOMENICO,CONTROLLER,1
ELI ROZENBERG,OPERATOR,1
ISRAEL FRANKEL,OWNER,1
GRETCHEN SECHIO,ADMINISTRATOR,1
SAMUEL GOLDNER,CEO,1
MATTHEW LOYD,PRESIDENT & CEO,1
JEFF AUSTIN,DIRECTOR,1
NIKKI HALL,EXECUTIVE DIRECTOR,1
VERONICA JOHNSON,EXECUTIVE DIRECTOR,1
MELODY CRUTCHFIELD,EXECUTIVE DIRECTOR,1
KELVIN ROBERTSON,ADMINISTRATOR,1
KAYLA BARLETT,EXECUTIVE DIRECTOR,1
KATHY ODOM,EXECUTIVE DIRECTOR,1
DELILAH GRIFFITH,EXECUTIVE DIRECTOR,1
MICHAEL BRITTON,EXECUTIVE DIRECTOR,1
LANA DAVIS,ADMINISTRATOR,1
JASON BANKS,ADMINISTRATOR,1
MARY MAIR,DIR OF FINANCIAL SERVICES,1
TYLER PETTY,ADMINISTRATOR,1
KIM MOORE,CHIEF FINANCIAL OFFICER,1
KAYE WALLACE,ADMINISTRATOR,1
JOHN STROTHER,ADMINISTRATOR,1
CHRISTINA AVERY,ADMINISTRATOR,1
JULIE TRUCKS,ADMINISTRATOR,1
CHYRA WORTHINGTON,ADMINISTRATOR,1
NANCY BROWN,ADMINISTRATOR,1
KIMBERLY LAVALLE,ADMINISTRATOR,1
CHAIM SHAPIRO,MEMBER,1
VICKI HUGHES,ADMINISTRATOR,1
KARESSA GRITTON,ADMINISTRATOR,1
HOPE BURCHFIELD,ADMINISTRATOR,1
THOMAS KELLEY,ADMINSTRATOR,1
JONATHAN GOBLE,ADMINISTRATOR,1
CHRIS MARSH,EXECUTIVE DIRECTOR,1
CARNAIL WILLIAMS,ADMINISTRATOR,1
HILLARY ROTHEY,ADMINISTRATOR,1
MICHAEL JAMES YUHAS,ADMINISTRATOR,1
CHRISTIAN MARCHESECHI,ADMINISTRATOR,1
CARLA ARELLANO,ADMINISTRATOR,1
RONALD KINNERSLEY,ADMINISTRATOR,1
CASEY ALLEN CLUFF,ADMINISTARTOR,1
DAWSON BURRUP,ADMINISTRATOR,1
OME SALMA MOORE,ADMINISTRATOR,1
JASON WHEELER,ADMINISTRATOR,1
HALEY ANDERSON,CHIEF OPERATING OFFICER,1
MATTHEW HUEFNER,ADMINISTRATOR,1
WILESTELA FE WILLIAMS,ADMINISTRATOR,1
FERNANDO VAZQUEZ,ADMINISTRATOR,1
RILEY BUSHMAN,ADMINISTRATOR,1
STEVEN LINGHU,DIRECTOR OF FINANCE,1
NATHAN NOE,ADMINISTRATOR,1
MARIE MOYA,COMTROLLER,1
AUDUMN HENDRY,ADMINISTRATOR,1
LANA STUKOV,CEO,1
CASON ANDREW BUSH,ADMINISTRATOR,1
STEWART MONTGOMERY,ADMINISTRATOR,1
JONATHAN LUKE ENSIGN,ADMINISTRATOR,1
WADE BAKER,VICE PRESIDENT OF OPERATIONS,1
LESLIE MASON,CFO,1
NABIL BOUZIDA,ADMINISTRATOR,1
KUDZAI MAKOMBE,ADMINISTRATOR,1
STERLING KROUT,ADMINISTRATOR,1
GARON LEAR,ADMINISTRATOR,1
ANNIE MALONEY,ADMINISTRATOR,1
BRENT REED,ADMINISTRATOR,1
DERRICK LANDIS,ADMINISTRATOR,1
AARON FISH,CHIEF FINANCAIL OFFICER,1
CAITLYN DONEGAN,ADMINISTRATOR,1
CARLY BADER,ADMINISTRATOR,1
JEFF DEVANEY,VP OF FINANCE,1
PATRICK CARTIER,ADMINISTRATOR,1
REGINA KIM,ADMINISTRATOR,1
GLADSTONE JAMES,CHIEF FINANCIAL OFFICER,1
SCOTT TAYLOR,CFO,1
SYDNEY MORROW,ADMINISTRATOR,1
MARY MORTON,CFO,1
PHILLIP FORRISTAL,ADMINISTRATOR,1
KARL GOEDERT,CONTROLLER,1
JACOB BRUSH,ADMINISTRATOR,1
STEVEN LEVATO,ADMINISTRATOR,1
FORREST SMITH,TREASURER,1
BRAD ANDRUS,EXECUTIVE DIRECTOR,1
RALPH FERA-MCLLWAIN,EXECUTIVE DIRECTOR,1
AMANDA WIMES,ADMINISTRATOR,1
ROBIN LANCASTER,ACCOUNTING DIRECTOR,1
DAVID KREMER,EXECUTIVE DIRECTOR,1
BRADEN MEEKS,ADMINISTRATOR,1
KIMBERLY SHREWSBURY,SVP  CFO  ATRIUM HEALTH NAVICENT,1
ROWLAND COCKS,CFO,1
ERIC DUDASKO,EXECUTIVE DIRECTOR,1
MARK DUDLEY,CHIEF EXECUTIVE OFFICER,1
ANDREW GABEL,CHIEF EXECUTIVE OFFICER,1
BUZZ HOOPES,CHIEF EXECUTIVE OFFICER,1
RILEY SESSIONS,ADMINISTRATOR,1
KYLE SKOUSEN,CHIEF EXECUTIVE OFFICER,1
SAMANTHA BIEHL,ADMINISTRATOR,1
HADEN NASH,CHIEF EXECUTIVE OFFICER,1
CARSON DAY,CHIEF EXECUTIVE OFFICER,1
SAWYER WILCOX,CHIEF EXECUTIVE OFFICER,1
JAMES HAMMOND,CHIEF EXECUTIVE OFFICER,1
CHARLOTTE KOHN,PRESIDENT,1
EMILY BLOCK,ADMINISTRATOR,1
MILAN STOKOVICH,ADMINISTRATOR/OWNER,1
CRYSTAL BAILEY,CHIEF FINANCIAL OFFICER,1
JEREMIAH PSINAS,ADMINISTRATOR,1
ALICIA EMMERICH,NURSING HOME ADMINISTRATOR,1
MEIR KATZENSTEIN,CEO,1
DAVID SEITLER,CHIEF EXECUTIVE ORDER,1
TERRIE WEIBLE,EXECUTIVE DIRECTOR,1
KATE MARRERO,ADMINISTRATOR,1
MARCOS PEREZ,ADMINISTRATOR,1
KATHLEEN STEINZ,ADMINISTRATOR,1
JOSEPH BRANDMAN,PRESIDENT,1
TIM BRABAND,DIRECTOR OF FINANCE,1
JUDD SCHNEIDER,MANAGER,1
ELIZABETH VANDERWAL,ADMINISTRATOR,1
JORDAN MORROW,EXECUTIVE DIRECTOR,1
DYLAN JOHNSON,ADMINISTRATOR,1
MARK SCHWOB,DIRECTOR OF FINANCE,1
PAUL MAYER,PRESIDENT OF BOARD,1
MATTHEW DUDDY,VP-REIMBURESEMENT,1
ASHOK LAL MOHAN,DIRECTOR OF OPERATIONS,1
AMBER CONDUFF,ADMINISTRATOR,1
KIMBERLY HUFSEY,ADMINISTRATOR,1
MICHAEL BLUME,ADMINISTRATOR,1
DAVE DIXON,VP/CFP,1
GARY JOE ROUTH,ADMINISTRATOR,1
KELLEY SEITZ,ADMINISTRATOR,1
KATHRYN KEANE,ADMINISTRATOR,1
JORDAN BRANCH,ADMINISTRATOR,1
KEIRA THOMAS,CONTROLLER-RECEIVERSHIP GROUP,1
NICK LANDGRAF,ADMINISTRATOR,1
MICHAEL WEIH,ADMINISTRATOR,1
KATHY SCHULTZ,PRESIDENT,1
MARK CODY,EXECUTIVE DIRECTOR,1
HEATHER UTHOFF,CFO,1
BRETT INGERSOLL,ADMINISTRATOR,1
JORDAN TJADEN,ADMINISTRATOR,1
JOSHUA HILL,ADMINISTRATOR,1
LISA HOODJER,EXECUTIVE DIRECTOR,1
KEN NELSON,ADMINISTRATOR,1
RYAN SIKORA,ADMINISTRATOR,1
ALISON HORSLEY,ADMINISTRATOR,1
MATT CARPENTER,ADMINISTRATOR,1
JUSTIN GILL,MANAGER,1
KENT WALTON,ADMINISTRATOR,1
RON SEMLER,ADMINISTRATOR,1
ERIC KLOUSE,ADMINISTATOR,1
RON STURSMA,ADMINISTRATOR,1
MELISSA REED,ADMINISTRATOR,1
TRACEY LONG,ADMINISTRATOR,1
WENDY NELSON,ADMINISTRATOR,1
RACHAEL MARSHALL,ADMINISTRATOR,1
TINA STEFFEN,ADMINISTRATOR,1
JAYCE WILSON,EXECUTIVE DIRECTOR,1
JOHN FREEMAN,EXECUTIVE DIRECTOR,1
STEVE TRESSEL,EXECUTIVE DIRECTOR,1
KATHY DEHAVEN,EXECUTIVE DIRECTOR,1
CHRIS NELSON,CONTRACT CFO,1
ROBBIE CLAUSEN,CHIEF EXECUTIVE OFFICER,1
CHARLOTTE RATHKE,ADMINISTRATOR,1
ROBERT MILLE,CHIEF FINANCIAL OFFICER,1
RANDY VALENTINE,CHIEF FINANCIAL OFFICER,1
HALEY STEVENS,ADMINISTRATOR,1
CHRISTEN ROBINSON,ADMINISTRATOR,1
CHRIS NELSON CHRIS NELSON,CONTRACT CFO,1
WILLIAM GAULT,ADMINISTRATOR,1
BRENDA KRUSE,CFO  AXIOM HEALTHCARE SERVICES,1
MICHELLE RIFFORD,ADMINISTRATOR,1
ETHAN DEAN,ADMINISTRATOR,1
CARTER OLSON,ADMINISTRATOR,1
AMANDA JEARDOE,ADMINISTRATOR,1
JANELL WOHLER,ADMINISTRATOR,1
ANDI WILLEMS,CHIEF FINANCIAL OFFICER,1
TREY LOOK,ADMINISTRATOR,1
TIM SHANDY,MANAGER  FINANCIAL SERVICES,1
SCOTT YOUNIE,ADMINISTRATOR,1
BETH MUNFORD,ADMINISTRATOR,1
AMBER ABBY,EXECUTIVE DIRECTOR,1
RYAN LEIKER,ADMINISTRATOR,1
JACKIE BROWN,ADMINISTRATOR,1
TYLER RUTLEDGE,ADMINISTRATOR,1
PETER KAUTZ,ADMINISTRATOR,1
DAN CHIK,EXECUTIVE DIRECTOR,1
SARAH GRIGGS,ADMINISTRATOR,1
TABITHA RINCON,ADMINISTRATOR,1
SISTER FRANCIS TERESA,ADMINISTRATOR,1
DANIEL STEWARD,CHIEF FINANCIAL OFFICER,1
LYNDSEE PENDLETON,ADMINISTRATOR,1
MARTIN STOTT  JR.,ADMINISTRATOR,1
HUGH FELLOWS,ADMINISTRATOR,1
RHONDALETTE STEIB,ADMINISTRATOR,1
JEFFREY BRADFORD,ADMINISTRATOR,1
KENNETH SMITH,ADMINISTRATOR,1
MARGARET HOFFMANN,EXECUTIVE DIRECTOR,1
ANIEZE WATKINS,DIRECTOR OF OPERATIONS/ CFO,1
JOEL ROGERS,ADMINISTRATOR,1
LONNY BLESSING,EXECUTIVE DIRECTOR,1
GREGORY DWYER,ADMINISTRATOR,1
FRANK MCGOVERN,EXECUTIVE DIRECTOR,1
CHRIS CORONADO,EXECUTIVE DIRECTOR,1
ROLAND DEVASHER,VP OF FINANCE AND ADMINISTRATION,1
ANDREW FREILICH,EXECUTIVE DIRECTOR,1
VINCENT LIBRANDI,CEO,1
HOWARD MERMELSTIEN,OWNER/OPERATOR,1
DIANE BENOIT-LEBLANC,FINANCIAL OFFICER,1
PAUL VALENTINE,RECIEVER,1
MADELYN GANNON,ADMINISTRATOR,1
JON GUARINO,CFO,1
MICHAEL FEIST,OWNER/OPERATOR,1
SHARON WALSH,CFO,1
FRAN MURPHY,CFO,1
MARK OFLAHERTY,ADMINISTRATOR,1
ISRAEL NACHFOLGER,MEMBER,1
HEATHER LABRIE,ADMINISTRATOR,1
PATRICK FLAHERTY,FOUNDING PARTNER,1
RYAN BARRY,ADMINISTRATOR,1
STEPHEN TOTINO,EXEC. DIRECTOR OF FINANCE,1
JODI OUIMETTE,ADMINISTRATOR,1
NICHOLAS PUGLIESE,CFO,1
BRIAN FREEDMAN,ADMINISTRATOR,1
SHAY LIEBER,ADMINISTRATOR,1
JOSIE HEWITT,ADMINISTRATOR,1
YONI KLEIN,CFO,1
SHEA BAKER,ADMINISTRATOR,1
JOSEPH TAYLOR,ADMINISTRATOR,1
PATTY GRAY,ADMINISTRATOR,1
DAVID HAUTAMAKI,ADMINISTRATOR,1
DANIEL LEV,CHIEF FINANCIAL OFFICER,1
KIMBERLY TURCOTT,ADMINISTRATOR,1
YONI KLEIN,CHIEF OPERATIONS OFFICER,1
STACEY ROGERS,CHEIF FINANCIAL OFFICER,1
LEE JOHNSON,PRESIDENT,1
CHRIS BOYLAND,DIRECTOR OF FINANCE,1
CHRIS BOYLAN,MANAGER,1
ADAM KINDER,CHIEF FINANCIAL OFFICER,1
RUSSELL TURECKY,EXECUTIVE DIRECTOR,1
MYLENE MENENDEZ,AUTHORIZED EMMPLOYEE,1
YONI KLEIN,CHIEF FINANCIAL OFFICER,1
SAM TENNENBAUM,CHIEF EXECUTIVE OFFICER,1
KARI SODMAN,ADMINISTRATOR,1
DALE CHILCOTE,ADMINISTRATOR,1
DAVID STEWART,CHIEF EXECUTIVE OFFICER,1
LISA MANCINI,PARTNER,1
TODD SANSTER,CFO,1
MICHELLE TERRY,AUTHORIZED EMPLOYEE,1
JUSTIN HUGHES,ADMINISTRATOR,1
ADAM HORST,CFO,1
KARI SWANSON,ADMINISTRATOR,1
PETER MADEL,ADMINISTRATOR,1
ALITA RISINGER,VICE PRESIDENT CFO CARE DELIVERY,1
JOE AMEND-MARSHALL,EXECUTIVE DIRECTOR,1
RANESSA MYLES,EXECUTIVE DIRECTOR,1
STACY DAVIS,EXECUTIVE DIRECTOR,1
THOMAS GOLDIE,DIRECTOR OR REIMBURSEMENT,1
DAVID HILL,MANGEING MEMBER,1
HAROLD BEEBE,MANAGING MEMBER,1
PAMELA HAILEY,ADMINISTRATOR,1
AJ WEISS,OWNER/PRINCIPAL,1
AMBROSIA PIPER,BUSINESS OFFICE MANAGER,1
DANA KORANDO,ADMINISTRATOR,1
BEN MCCOY,CHIEF FINANCIAL OFFICER,1
RACHEL TOLAND,CHIEF EXECUTIVE OFFICER,1
RANDY EDWARDS,ADMINISTRATOR,1
KRISTIE KALLEMEYN,ADMINISTRATOR,1
MARTIN BROWN,ADMINISTRATOR,1
DEBRA THACKER,CFO,1
SETH STAUFFER,ADMINISTRATOR,1
JENNIFER HOPKINS,ADMINISTRATOR,1
TRACY JUDD,VP/CFO,1
SEAN STEVENSON,OWNER REPRESENTATIVE,1
AVROHOM GOLDSTEIN,OFFICER,1
LORI SHARP,FINANCE DIRECTOR,1
LOUISE J BELANGER  RN  BS  NHA,NURSING HOME ADMINISTRATOR,1
WILLIAM RODRIGUES,CFO,1
MARK STRATOTI,ADMINISTRATOR,1
ELIZABETH LOPATKA,ADMINISTRATOR,1
MARYELLEN KEANE,ADMINISTRATOR,1
JEANNINE RICHMAN,CHIEF FINANCIAL OFFICER,1
JUDITH WITTLER,ADMINISTRATOR,1
DAVID THOMPSON,CHIEF EXECUTIVE OFFICER,1
TROY BRIGHAM,ADMINISTRATOR,1
JOHN SCHOONOVER,CFO,1
MICHAEL HOSKINS,CFO,1
ROBERT EARL,CFO,1
HARVEY BAUER,ADMINISTRATOR,1
COLLEEN STEELE,CEO,1
MONICA TERRANO,CONTROLLER,1
SAM SULEIMAN,ADMINISTRATOR,1
EMILY FRENCH,ADMINISTRATOR,1
BETH GOLDMAN,ADMINISTRATOR,1
JEREMY MCCLENDON,ADMINISTRATOR,1
LAWRENCE MENNIG,ADMINISTRATOR,1
JOHN WASIELEWSKI,EXECUTIVE DIRECTOR,1
MICHAEL ZINGARO,VP OF FINANCE,1
AVI MARMORSTEIN,ADMINISTRATOR,1
SONYA MOSHIER,ADMINISTRATOR,1
PETER GROSS,CFO,1
JACKK DEUTSCH,OWNER,1
JADE EBELING,ADMINISTRATOR,1
BINYAMIN FOGEL,CONTROLLER,1
EPHRAIM ZAGELBAUN,MANAGING MEMBER,1
TYLER BEATTIE,ADMINISTRATOR,1
CHRISTINA OROPEZA,ADMINISTRATOR,1
GOLDA RIVKA KLEIN,OWNER,1
KRISTEN ANDERSON,VP OF FINANCE,1
CHRISTINE JOHNSON,CFO,1
YEHUDA HOFFNER,ADMINISTRATOR,1
ERAN ROTEM,DIRECTOR OF FINANCE,1
AMIR ABRAMCHIK,OPERATOR,1
JARED HOLLWEG,ADMINISTRATOR,1
TAMMY SCHMIDT,ADMINISTRATOR,1
DREW LERMAN,DIRECTOR OF FINANCE,1
MICHAEL DELBROCCO,CHIEF FINANCIAL OFFICER,1
JUDSON MACHAULL,ADMINISTRATOR,1
LAUREN BROWN,DIRECTOR OF FINANCE,1
ELIAS M. NEMNOM,VP & CFO,1
MARK SMITH,ADMINISTRATOR,1
EPHRAIM ZAGELBAUM,MANAGING MEMEBER,1
XIOMARA LANTIGUA,CHIEF FINANCIAL OFFICER,1
EPHRAIM ZAGELBAUM,MEMBER,1
MICHAEL BURKE,CFO,1
GREG SOMMERS,CFO,1
ERIC CAMPBELL,CFO,1
MIKLOS GOTTLIEB,MEMBER,1
DAVID GOLDMAN,ADMINISTRATOR,1
GRADY FOLER,CONTROLLER,1
MICHAEL HAIRE,ADMINISTRATOR,1
JOSHUA HILLEGASS,ADMINISTRATOR,1
ROBERT ZIMMER,ADMINISTRATOR,1
CHARLES R GASKINS,CHIEF FINANCIAL OFFICER,1
JAIME PACHECO,ADMINISTRATOR,1
DAVID MATTHEWS,CFO,1
CONNER GREENSPAN,PRESIDENT/CEO,1
PATRICIA CLARK,CEO,1
DAVID MANNION,CEO/CFO,1
KYLE HOLLIDAY,EVP/CIO,1
LORRAINE FISCHIO,ADMINISTRATOR,1
JOHN HOCHWALT,VICE PRESIDENT,1
DAVE CYTLACK,CFO,1
DAVE CHILDERS,DIRECTOR,1
RACHAEL HOCK,ADMINISTRATOR,1
STEVE RANKIN,ADMINISTRATOR,1
MATT BOLLIN,CFO,1
MARK SPRENGER,EVP/CIP,1
BROOKE HERRING,CFO,1
ROBERT MOORE,ADMINISTRATOR,1
BONNIE FERGUSON,PRESIDENT,1
JILL SCHLIEVERT,ADMINISTRATOR,1
JASON FRENCH,ADMINISTRATOR,1
EVAN BERRY,ADMINISTRATOR,1
LAURA RITTENHOUSE,EXECUTIVE DIRECTOR,1
ELAINE ROYNON,ADMINISTRATOR,1
JASON PHILLIPS,ADMINISTRATOR,1
TAMMY ALLISON,CEO,1
DAVID MALETICH,ADMINISTRATOR,1
BRANDON WESTBROOK,CHIEF FINANCIAL OFFICER,1
RITA CRAIG,CFO,1
DONALD MCCASKILL,OWNER- MANAGING MEMBER,1
MAX ALLRED,CHIEF EXECUTIVE OFFICER,1
SHALA CURREY,ADMINISTRATOR,1
RASONIA NICHOLES,ADMINISTRATOR,1
CHARLES RHOADS,ADMINISTRATOR,1
BROOKE FOGEL,VICE PRESIDENT OF FINANCE,1
NATHAN NILES,INTERIM CFO,1
KATIE MEYER,ADMINISTRATOR,1
JOHN DUBYK,CFO,1
MICHAEL ANDERSON,CFO,1
AMANDA KESSLER,CEO,1
MICHAELA KROZEL,ADMINISTRATOR,1
PAUL OMROD,VP RIEMBURSEMENT,1
ERIC YASHINSKI,ADMINISTRATOR,1
KEVIN MANUEL,CHIEF ACCOUNTING,1
JD TURCO,SR VP,1
JON NELSON,CFO,1
ROBERT WERNICKI,ADMINISTRATOR,1
JENNIFER VANDERMARK,ADMINISTRATOR,1
NATE WEBER,CHIEF FINANACIAL OFFICER,1
REBECCA FOGLEMAN,ADMINISTRATOR,1
DANA HEITZENRATER,ADMINISTRATOR,1
ANDREW NAUGLE,NHA,1
MINDY RETHERFORD,CFO,1
TRACY POLAK,ADMINISTRATOR,1
MICHAEL ABBOTT,CONTROLLER,1
MARY KETTERMAN,NHA,1
LINDSEY NEYMAN,DIRECTOR OF FINANCE,1
MAKENNA TOPKA,ADMINISTRATOR,1
BRYAN HAGERICH,ADMINISTRATOR,1
KEVIN GLEASON,CFO,1
STEPHEN FRY,ADMINISTRATOR,1
TERRY BROWN,CFO,1
JOHN J. PALKOVITZ  JR.,SVP  CHIEF FINANCIAL OFFICER,1
SCOTT DARRENKAMP,CFO,1
MARK TANNER,ADMINISTRATOR,1
WILLIAM MCCORMICK,CHIEF FINANCIAL OFFICER,1
BENA ARNETT,ADMINISTRATOR,1
ERIC JOHNSON,ADMINISTRATOR,1
TINA WHITE,ADMINISTRATOR,1
LINDSEY BOUCHARD,ADMINISTRATOR,1
JOHN CHOPOORIAN,PRESIDENT,1
KATELYN GAGNON,ADMINISTRATOR,1
OLIVER CHARLOT,CHIEF F INANCIAL OFFICER,1
RYAN TOERNER,EXECUTIVE DIRECTOR,1
MONIQUE MCRAE,ADMINISTRATOR,1
LYNNE KERRISON,CFO,1
CADE LICHFIELD,ADMINISTRATOR,1
LINDA AUSTIN,ADMINISTRATOR,1
ALEX GADDY,ADMINISTRATOR,1
M. CLAY COLLINS,CHIEF FINANCIAL OFFICER,1
VANESSA MUNOZ,ADMINISTRATOR,1
QUINTIN HANSEN,ADMINISTRATOR,1
LANCE MILLER,ADMINISTRATOR,1
FELICIA DIPRONIO BUSH,CFO,1
DUANE WERNECKE,CFO,1
JENNY MAUGERI,EXECUTIVE DIRECTOR,1
RICHARD M. MAZZA,CHIEF FINANCIAL OFFICER,1
JOE RUDD,CHIEF EXECUTIVE OFFICER,1
BOBBIE GUNKEL,CHIEF EXECUTIVE OFFICER,1
DREW SCHILLER,CHIEF EXECUTIVE OFFICER,1
TRIS ROLLINS,CHIEF EXECUTIVE OFFICER,1
GREG SCHMIDT,FIN CONSULTANT,1
TONJA MYERS,EXECUTIVE DIRECTOR,1
BETSY JONES,CFO,1
RHONDA QUATTROCHI,ADMINISTRATOR,1
MORGAN MURPHY,ADMINISTRATOR,1
CHRISTOPHER MCBEE,NHA,1
ALESHA ERDENBERGER,ADMINISTRATOR,1
AMY YAMRISKA,ADMINISTRATOR,1
LONA ELLIS,ADMINISTRATOR,1
JANE SCHMITZ,EXECUTIVE DIRECTOR,1
JILL GENGLER,PRESIDENT,1
BRIAN CHRISTOPHERSEN,CFO,1
AARON OPPENHEIMER,CEO,1
JENNIE KLASSA,ADMINISTRATOR,1
DAN-A KOHN,CHIEF EXECUTIVE OFFICER,1
NOLAN SANTIKKO,EXECUTIVE DIRECTOR,1
TAYA WALK,ADMINISTRATOR,1
ARTHUR KEUP,CHIEF FINANCIAL OFFICER,1
KEVIN LARSON,ADMINISTRATOR,1
KRISTA BOLEY,ADMINISTRATOR,1
DENISE JOHNSON,ADMINISTRATOR,1
BILLIE JO HIGGINS,VICE PRESIDENT FINANCE,1
LEN FAST,ADMINISTRATOR,1
SUSAN ALBRIGHT ROSS,CHIEF OPERATING OFFICER,1
RON SCHAETZL,ADMINISTRATOR,1
MARC ROSE,CHIEF FINANCIAL OFFICER,1
DAN SMITH,ADMINISTRATOR,1
KYLE RULON GRIFFIITTS,ADMINISTRATOR,1
ALEX PALMER,ADMINISTRATOR,1
MATTHEW RUTTER,ADMINISTRATOR,1
JOE NICCOLI,PRESIDENT,1
CLAY GARDNER,ADMINISTRATOR,1
JOSH HEDGER,ADMINISTRATOR,1
JIM HIGBEE,PRESIDENT & CEO,1
JENNIFER KNOX,ADMINISTRATOR,1
MATT OLDROYD,ADMINISTRATOR,1
KIP ADAM MCMILLAN,ADMINISTRATOR,1
BRYCE WONG,ADMINISTRATOR,1
BRET ALLEN,ADMINISTRATOR,1
MARCUS STROHSCHEIN,EXECUTIVE DIRECTOR,1
JACQUELINE CABRERA,ADMINISTRATOR,1
PATRICK MCELROY,ADMINISTRATOR,1
JOSHUA HOES,EXECUTIVE DIRECTOR,1
DANIEL WAGNER,CFO,1
ALICE MARIE CLARK DANKS,CFO,1
WILLIAM ROBERSON,ADMINISTRATOR,1
KIM HOPPE,INTERIM CFO,1
SHEILA EAPEN,ADMINISTRATOR,1
MICHAEL YBARRA,YOAKUM COUNTY JUDGE,1
BRIAN CULPEPPER,SEN DIR OF OPERATIONS,1
JIM WALKER,SINGLE MEMBER/OWNER,1
BECCA SMITH,ADMINISTRATOR,1
JONATHAN LITT,MANAGER-ALABASTER OPCO LLC,1
PAUL EIRICH III,CFO,1
ANGIE SMITH,EXECUTIVE DIRECTOR,1
WILLIAM WIDMAN,CFO,1
CHARLES LIGHT,COO,1
AARON FULLER,ADMINISTRATOR,1
ED SMITH,EXECUTIVE DIRECTOR,1
JAY GREEN,ADMINISTRATOR,1
JUDY DIGIANCINTO,ADMINISTRATOR,1
LESLIE HENDRIX,ADMINISTRATOR,1
MISTY FRENCH,ADMINISTRATOR,1
ALISHA PRINCE,ADMINISTRATOR,1
JOHN HIGGS,ADMINISTRATOR,1
ELIJAH WILLIAMS,ADMINISTRATOR,1
AMANDA KINYON,ADMINISTRATOR,1
SISTER MARGARITA RICO,EXECUTIVE DIRECTOR,1
RYAN BAUTISTA,ADMNISTRATOR,1
AILEEN JOY TALAROC,ADMINISTRATOR,1
AMANPREET KAMBO,ADMINISTRATOR,1
THOMAS LAN,CFO,1
MARIA STEFANOU,EVP/CFO,1
KYLE ARMSTRONG,ADMINISTRATOR,1
KYLE DARBY,ADMINISTRATOR,1
ETHAN JACKSON,ADMINISTRATOR,1
ABE BAK,CFO,1
DAVID LEE WIRTHLIN,ADMINISTRATOR,1
AARON EDMONDS,MANAGING MEMBER,1
KATE HAGGERTY,ADMINISTRATOR,1
FLORA AZINGE,ADMINISTRATOR,1
JOSEPH CRUZ,ADMINISTRATOR,1
CRISTINA MENDOZA,ADMINISTRATOR,1
LANCE BAILEY,ADMINISTRATOR,1
MANUEL FERNANDEZ,ADMINISTRATOR,1
DANIEL OH,ASSISTANT ADMINISTRATOR,1
KEVIN FOX,ADMINISTRATOR,1
CLINTON MACDONALD,ADMINISTRATOR,1
JOHNNY TORRES,ADMINISTRATOR,1
JARROD CHRISTENSEN,ADMINISTRATOR,1
BRAUN EHMAN,ADMINISTRATOR,1
MARK OCAMPO,ADMINISTRATOR,1
SHAUN DAHL,ADMINISTRATOR,1
ETHAN PARMLEY,ADMINISTRATOR,1
ROBERT DITLEVSEN,ADMINISTRATOR,1
CRAIG BARRON,ADMINISTRATOR,1
JOSH HOUSE,ADMINISTRATOR,1
HEIDI VICKERS,VICE PRESIDENT,1
LUCILLE EPPERSON,ADMINISTRATOR,1
JACOB UNGER,MANAGER,1
KEVIN AMEZQUITA,ADMINISTRATOR,1
DANIEL AARON MORIEL,ADMINISTRATOR,1
LITA JAVIER,CEO,1
JASON ROBERTS,ADMINISTRATOR,1
CASEY STURCH,ADMINISTRATOR,1
CHIOMA THOMAS,ADMINISTRATOR,1
KEVIN CLEARY,ADMINISTRATOR,1
LINDA DAMRON,ADMINISTRATOR,1
SHALONDA MORTON,ADMINISTRATOR,1
SHAYCIE CHASE,ADMINISTRATOR,1
ALEXIS MORFA,ADMINISTRATOR,1
MARKUS BUETTNER,EXECUTIVE DIRECTOR,1
JOSE FUENTES,ADMINISTRATOR,1
BRENT MORRISON,CFO,1
COLETTE LEWIS,ADMINISTRATOR,1
HANSEN KIM,CFO,1
DARLENE NAKAYAMA,CEO,1
VIVIAN LAI,CFO,1
BREANNA JAMESON,CHIEF EXECUTIVE OFFICER,1
ANDREA BOWEN,CHIEF EXECUTIVE OFFICER,1
EMILEE KULIN,CHIEF EXECUTIVE OFFICER,1
MEIR KATZENSTEIN,CFO,1
DOVID SEITLER,CFO,1
KILEY BROOKS,CHIEF FINANCAIL OFFICER,1
SHELLY MARTIN,CEO/ADMINISTRATOR,1
AJ WEISS,OWNER,1
KEVIN CHANKIN,CHIEF FINANCIAL OFFICER,1
PAMELA OWENS,EXECUTIVE DIRECTOR,1
MARK LEVERENZ,ADMINISTRATOR,1
BRIDGET REILLY,CHIEF FINANCIAL OFFICER,1
LIZA STEINFELD,ADMINISTRATOR,1
R.J. ZIELINSKI,CHIEF FINANCIAL OFFICER,1
MARIA DEFRENZA,VP OF FINANCE,1
SUZANNE WEIGEL,ADMINISTRATOR,1
MATTHEW MILLIKAN,ADMINISTRATOR,1
JOSHUA BOWMAN,CEO,1
JULIE HELM-CHAPMAN,ADMINISTRATOR,1
SCOTT JAMES,ADMINISTRATOR,1
DALE SHENK,DIRECTOR OF FINANCE,1
AMY ATCHLEY,CHIEF FINANCIAL OFFICER,1
RAE ANN TUCKER,712-563-2651,1
JACQUELINE KREBER,ADMINISTRATOR,1
MALLORY ORTON,ADMINISTRATOR,1
KATIE WATTERS,ADMINISTRATOR,1
STACY GEOPFERT,ADMINISTRATOR,1
SHARINA WINTER,ADMINISTRATOR,1
SUSAN WESTMARK,ADMINISTRATOR,1
KAYLA ZELLMER,EXECUTIVE DIRECTOR,1
KILEY BROOKS,CFO,1
NATHAN SPENCER,ADMINISTRATOR,1
SARA SOURK,ADMINISTRATOR,1
MEGAN MAPES,ADMINISTRATOR,1
YONI GRUNBAUM,MEMBER,1
HATTIE WAGNER,PRESIDENT/CEO,1
AMANDA MCCAULEY,CHAIRMAN OF THE BOARD,1
MARLENE HICKS,OWNER,1
DEBRA CRUMP,ADMINISTRATOR,1
AARON THOMAS,ADMINISTRATOR,1
LIZ MCGUIRE,ADMINISTRATOR,1
JAMES BROWN,ADMINISTRATOR,1
ASHLEYANNE ZEOLI,ADMINISTRATOR,1
PHILIP JEAN,CEO,1
HENRY AKINSEYE,ADMINISTRATOR,1
ELISHA LOLOYAN,ADMINISTRATOR,1
WILLIAM BOGDANOVICH,PRESIDENT & CEO,1
MIKER MOSIER,OWNER,1
JENNIFER DAVIS,ADMINISTRATOR,1
NACHUM MILLER,OWNER,1
ANTHONY FRANCHI,PRESIDENT,1
KURT WHEATON,ADMINISTRATOR,1
CAITLIN SIMMONS,ADMINISTRATOR,1
LI CHEN,ADMINISTRATOR,1
BRIAN SWARTZ,CHIEF FINANCIAL OFFICER,1
MARY BROWN,TREASURER,1
LINDA HILTON,ADMINISTRATOR,1
JANE SULLIVAN,CFO,1
JESSICA GOUVEIA,CFO,1
TARIQ QURESHI,MEMBER,1
CONNOR SWEENEY,ADMINISTRATOR,1
DAVID CAVALIER,ADMINISTRATOR,1
TIFFANY STACHOWIAK,FACILITY ADMINISTRATOR,1
AYALA LEVINE,FACILITY ADMINISTRATOR,1
WILL SMITH,ADMINISTRATOR,1
TOM LYON,FACILITY ADMINISTRATOR,1
AIR LEV,CHIEF EXECUTIVE OFFICER,1
KELLIE JOHNCOX,FACILITY ADMINISTRATOR,1
TYLER LUCE,INTERIM SENIOR VP OF FINANCE,1
YISROEL LEVINE,PRINCIPLE,1
JOHN GANTON,PRESIDENT,1
ANN AUGER,PRESIDENT,1
MICHAEL ROSS,EXECUTIVE DIRECTOR,1
CRAIG RITTER,DIRECTOR OF FINANCE  MGMT AGENT,1
ADAM MASLOSKI,EXECUTIVE DIRECTOR,1
RYAN KING,CFO,1
KRISTA MARTINI,CFO,1
MIKE SENDEN,CFO,1
TIM CHEIS,OWNER,1
BRUCE SALMELA,BUSINESS OFFICE MANAGER,1
TIM CHIES,OWNER,1
TOM HENRY,PRESIDENT AND CEO,1
WILL MONCRIEF,ADMINISTRATOR,1
RODNEY PLUNKETT,VICE PRESIDENT,1
GREGG GIBBES,CHIEF EXECUTIVE OFFICER,1
DON CHANCE,ADMINISTRATOR,1
AMANDA FIZER,EXECUTIVE DIRECTOR,1
DAN DEMMERLY,CHIEF EXECUTIVE OFFICER,1
REBECCA SCHACKELFORD,ADMINISTRATOR,1
ROSEMARY SIMINO,ADMININSTRATOR,1
CHRIS MARTIN,MEMBER,1
VICTOR FLAMINI,CHIEF FINANCIAL OFFICER,1
JOHN HAMPILOS,MANAGING DIRECTOR,1
ABE TYBERG,CONTROLLER,1
RYAN LACLAIR,ADMINISTRATOR,1
BEN ROSENBERG,ADMINISTRATOR,1
KARIE MANN,HOSPITAL FINANCE ADMINISTRATOR,1
YAAKOV GELDZAHLER,CFO,1
JEROME WEINSTOCK,CONTROLLER,1
EPHRAIM STEIF,OWNER,1
EPHRAIM STEIF,MEMBER,1
JONAH COHEN,ADMINISTRATOR,1
MACKENZIE FLYNN,COMPTROLLER,1
ABE GREENBAUM,PRESIDENT,1
MICHELE DYGERT,CFO,1
DAVID ARDITTI,VP / CFO,1
PATRICK MCPARTLON,DIRECTOR OF FINANCE,1
MICHAEL TRETOLA,CEO,1
MARILYN BARBIERI,CFO,1
SAMUEL PHILLIPS,ADMINISTRATOR,1
DAVID LEFEBER,CHAIRMAN OF THE BOARD,1
STEVEN CHIZUK,CFO,1
SR. CAROL MARIE FERRUCCI,ADMINISTRATOR,1
JOSEPH COSTA,ADMINISTRATOR,1
PATRICIA TERRANOVA,ADDMINISTRATOR,1
USHER EGERT,CEO,1
LISA HANN,CFO,1
WOLF GREEN,CEO,1
JONATHAN HART,VP LONG TERM CARE,1
ULYSSES ARNOLD,CHIEF FINANCIAL OFFICER,1
KEVIN MANUEL,CHIEF ACCOUNTING OFFICERS,1
AMBER ANDERSON,CFO,1
JEFF NUNN,CEO,1
JOE YOON,EXECUTIVE DIRECTOR,1
CHERIE GRISSO,CFO,1
MICHAEL BRICK,CFO,1
PAUL PSOTA,CEO,1
TOM WIDNEY,ADMINISTRATOR,1
TIM ANGEL,PRESIDENT/CFO/ADMIN,1
JEFF ORLOWSKI,ADMINISTRATOR,1
BRIAN COIL,CFO,1
JEFFREY SAS,ADMINISTRATOR,1
JOHN RENNER,SR EXEC VP  CFO  CAO,1
PATRICK MAUGER,EXECUTIVE DIRECTOR,1
BRIAN RENKAS,CFO,1
JAMES KUBINSKI,CFO,1
MARK YANTEK,EXECUTIVE DIRECTOR,1
CHRIS WIDMAN,ADMINISTRATOR,1
DONNA PATRICK,ASST. ADMINISTRATOR  DON,1
MATTHEW JONES,OFFICE MANAGER,1
NATHAN CARDER,ADMINISTRATOR,1
APRIL QUEENER,ADMINISTRATOR,1
MATTHEW MCFARLAND,CHIEF FINANCIAL OFFICER,1
CHRISTOPHER DAPRILE,PRESIDENT,1
CURTIS ONEAL,ADMINISTRATOR,1
PATRICE CAMPBELL,PRESIDENT,1
JESSICA TRINKO,EXECUTIVE DIRECTOR,1
JANINE STACKHOUSE,EXECUTIVE DIRECTOR/ADMINISTRATOR,1
CHRIS GREEN,CFO AND TREASURER,1
DAVID KLINGERMAN,MANAGING PARTNER,1
ROBBIE SMITH,FACILITY MANAGER,1
CHUCK CALABRASE,CFO,1
LESLIE WORKMAN,CHIEF EXECUTIVE OFFICER,1
JAMMIE POSEY,CHIEF EXECUTIVE OFFICER,1
BRANDON DRESSER,ADMINISTRATOR,1
KEVIN MANUEL,CHIEF ACCOUNTING OFFIVER,1
SUSAN MCCRARY,ADMINISTRATOR,1
LORNA MALAWI,ASSOC ADMINISTRATOR,1
MELISSA FORTUNATO,CONSULTANT,1
BARRY ZELTZER,CHIEF EXECUTIVE OFFICER,1
ROB SECHIO,ADMINISTRATOR,1
ARMANI SEPE,ADMINISTRATOR,1
KELLY ARNOLD,ADMINISTRATOR,1
STEPHANIE IGOE,ADMINISTRATOR,1
STACY RODGERS,CFO,1
TRISTA BATES,ADMINISTRATOR,1
AL GRIFFIN,CFO,1
ELIZABETH MCLAREN,SVP,1
JOHN COOPER,MANAGING MEMBER,1
ZACH HILBERS,ADMINISTRATOR,1
JAMES DAVIS,ADMINISTRATOR,1
RANDY ELKINS,ADMINISTRATOR,1
M. BRADFORD ELLIS,EXECUTIVE DIRECTOR,1
MARY C. RODGER,DIRECTOR OF ACCTG,1
SARAH WELLENHOFFER,ADMINISTRATOR,1
SUSAN VAUGHN,CFO/CONTROLLER,1
W. WILLIAM AUSTIN JR,EXECUTIVE VP/CFO,1
W WILLIAM AUSTIN JR.,EXECUTIVE VP/CFO,1
WILLIAM MILLER,DEO,1
AUDRA GUTIERREZ,ADMINISTRATOR,1
DANIELLE ST GERMAINE,CHIEF EXECUTIVE OFFICER,1
HEATHER TURNER,EXECUTIVE DIRECTOR,1
MICHAEL HICKS,PRESIDENT,1
SHERRI MURRAY,CFO,1
JENNIFER KLAR,CEO,1
PATRICE LANNING,DIRECTOR OF FINANCE,1
KATHERINE CLINTON,ADMINISTRATOR,1
KELLY KRAMER,ADMINISTRATOR,1
NICOLE GROSSMAN,DIRECTOR OF FINANCIAL SERVICES,1
DARRELL LANCOUR,CEO,1
AMBER L SCHROEDER,CFO,1
ADDISON PLATT,ADMINISTRATOR,1
MATTHEW P FLAKE,ADMINISTRATOR,1
MARY COMRIE,ADMINISTRATOR,1
DAVID STIENSTRA,EXECUTIVE DIRECTOR,1
CONNIE RUSYNYK,CHIEF EXECUTIVE OFFICER,1
JAKE ROTHEY,ADMINISTRATOR,1
ROBERT DECKER,FINANCAL CONTROLLER,1
ANTHONY ARNAUDY,CFO,1
JEAN PARRIOTT,ADMINISTRATOR,1
DERIK GHOOKASIAN,CEO,1
KATIE POPOV,CEO,1
MICHAEL SULHAN,CHIEF FINANCIAL OFFICER,1
MICHAEL D EMPEY,ADMINISTRATOR,1
CHRISTIAN SALVIEJO,ADMINISTRATOR,1
KOLBY HEATON,ADMINISTRATOR,1
LORETA CABANAYAN,CFO,1
B. FIONA TALBOT,CONTROLLER,1
JOHN HAEDRICH,ADMINISTRATOR,1
SHIRLEY MA,ADMINISTRATOR,1
MICHELLE LAWRENCE,ADMINISTRATOR,1
PHIL WEINBERGER,PRESIDENT,1
MARK MEMMELAAR,ADMINISTRATOR,1
SUKHDEEP GILL,ADMINISTRATOR,1
SUZANNE NASRATY,ADMINISTRATOR,1
PRABHJOT KAUR,ADMINISTRATOR,1
JACK KIRKLAND,CFO,1
AARON DE LA TORRE,ADMINISTRATOR,1
DEVORA KIRSCHER,COO,1
RAY WATT,MANAGING MEMBER,1
PETER TIERNEY,ADMINISTRATOR,1
DANIEL DUPLECHIN,ADMINISTRATOR,1
GARRETT NEWSOME,ADMINISTRATOR,1
TODD BARRETTA,CHIEF FINANCIAL OFFICER,1
LISA BETRUS,PRESIDENT,1
JENNIFER ALTONGY-BOUDJOUK,ADMINISTRATOR,1
ROTISLAV PUKSHANKSKY,CEO,1
CHELSEA MOTT,ADMINISTRATOR,1
SHANE BRADY,CHIEF EXECUTIVE OFFICER,1
BRIAN CHAMBERLIN,ADMINISTRATOR,1
ANTHONY BERARDI,CEO,1
JENNIFER ROMAGNOLO,ADMINISTRATOR,1
BRYAN ERICKSON,ADMINISTRATOR,1
EVANGILINE BODEN,OWNER,1
IMMANUEL SUTHERLAND,ADMINISTRATOR,1
DUANE SMITH,ADMINISTRATOR,1
RACHELLE SIRON,CHEIF ADMINISTRATIVE OFFICER,1
JERROD MOORE,ADMINISTRATOR,1
SUE ROUGHTON,ADMINISTRATOR,1
RYAN WRIGHT,ADMINISTRATOR,1
LAURA MITCHELL,DIRECTOR OF FINANCE,1
VINCENZO MANZELLA,MEMBER,1
ELIZABETH DAROSA,ADMINISTRATOR,1
WILLIAM PARDOE,ADMINISTRATOR,1
KAVITHA NALLABELLI,ADMINISTRATOR,1
TERRY DIXON,ADMINISTRATOR,1
JAY GITTLESON,AUTHORIZED SIGNATORY,1
DARWIN ROYECA,CHIEF EXECUTIVE OFFICER,1
MEIR KATZENSTEIN,CHEIF EXECUTIVE OFFICER,1
AYOJIDE AKINRINMADE,ADMINISTRATOR,1
CHARLES ANDY BRAZZELL,MANAGER,1
STEWART KARGER,OWNER,1
SUSAN ROSS,CHIEF OPERATING OFFICDER,1
JODEE EWBANK,ADMINISTRATOR,1
SHIJI MATHEW CHERUKARA,CFO,1
CARMELA CARINO,CHIEF FINANCIAL OFFICER,1
PAUL HARRISON,PRESIDENT AND CEO,1
JUSTIN SETTLEMIER,ADMINISTRATOR,1
GUNNER ROMNEY,ADMINISTRATOR,1
SHANE SISSEL,ADMINISTRATOR,1
JESSICA GILBERT,ADMINISTRATOR,1
TAMARA SHEPHERD,TREASURER,1
STEVEN WEIDBERG,CHIEF FINANCIAL OFFICER,1
NORMA GUERERRO,ADMINISTRATOR,1
JUANITA PARKS,CFO,1
MARC RUGGLES,ADMINISTRATOR,1
CHRIS OSBORN,CHIEF EXECUTIVE OFFICER,1
TREVOR HAIR,ADMINISTRATOR,1
KARALYN BERE,VICE PRESIDENT OF FINANCE,1
DELICIA MARK,ADMINISTRATOR,1
MICHAEL DAVIS,MEMBER,1
KELLY ELLIS,ADMINISTRATOR,1
APRIL HRUSKA,ADMINISTRATOR,1
STEPHANIE GUERRERO,ADMINISTRATOR,1
RITA CHRISTENSEN,ADMINISTRATOR,1
MATISYOHU HERZKA,MANAGER,1
KATHERINE CONANT,ADMINISTRATOR,1
DOVID STOCK,CEO,1
DAN MEYER,CEO,1
GEORGE VIEU,VICE PRESIDENT OF FINANCE,1
DAVID LEWIS,ADMINISTRATOR,1
MICHAEL URANGA,CEO/PRESIDENT,1
JACQUELINE HOLLIS,ADMINISTRATOR,1
JENNIFER SMITH,ADMINISTRATOR,1
MARTY JENSEN,EXECUTIVE DIRECTOR,1
YOSSIE MANUEL,CEO,1
STEVE NUSBAUM,DIR OF FINANCIAL SVCS,1
STEPHANIE WOODCOCK,LNHA,1
DONALD GORMLY,OWNER,1
KATHI CONDON,CFO,1
MICHEL AUGSBURGER,CEO,1
LORI ALTMAN,CFO,1
STEFANIE SANBORN,HEALTH CARE ADMINISTRATOR,1
BRENT WAUKE,ADMINISTRATOR,1
CANDACE DOOLING,ADMINISTRATOR,1
SHARZAD JANNAT,ADMINISTRATOR,1
RONALD PATTI,ADMINISTRATOR,1
MATTHEW DUBOIS,CHIEF FINANCIAL OFFICER,1
ALAN MARCOFF,CONTRACTED CONTROLLER,1
RUTH DEITZ,CFO,1
TIMOTHY MCQUAID,CHIEF FINANCIAL OFFICER,1
HELEN MACATANGAY,CEO,1
JUSTIN LEWIS,ADMINISTRATOR,1
MARIO MARASIGAN,PRESIDENT,1
MOISHE FRANKEL,PARTNER,1
JEFF NYBERG,VP-FINANCE,1
TIFFANY CARTEE,ADMINISTRATOR,1
SARA HIEBERT,CHIEF EXECUTIVE OFFICER,1
DANIEL BURNS,EXECUTIVE DIRECTOR,1
TERRY ROBERTSON,CEO,1
MARK JENKINS,CFO,1
RO LINSCHEID,EXECUTIVE DIRECTOR/CEO,1
ROBERT LEAKE,CHIEF FINANCIAL OFFICER,1
DENNIS GEORGE,VICE PRESIDENT,1
MARY BETH ELSTER,AVP - ACCOUNTING OPERATIONS,1
STEVE GAZDICK,CFO,1
TIM STOLL,CEO,1
SOLOMON NEIMAN,CONTROLLER,1
KORI CUSTADO,ADMINISTRATOR,1
M. OLIVER ROSENBERG,CFO,1
OSIRIS WHITE,ADMINISTRATOR,1
MARY BETH ELSTER,AVP - FINANCIAL PLANNING,1
LOUIS DUGAL,OWNER,1
NACHUM SOROKA,OWNER,1
MIKE PIPER,CHIEF FINANCIAL OFFICER,1
JOHN GANNON,ADMINISTRATOR,1
JAMES R. KLUKA,ASSISTANT CONTROLLER,1
DAVID JARVIS,ADMINISTRATOR,1
THERESA BERTRAM,PRESIDENT/CEO/CFO,1
RUSSELL CREWS,PRESIDENT,1
TERRI HOWELL,ADMINISTRATOR,1
AARON KUCK,ADMINISTRATOR,1
COURTNEY DECKMAN,ADMINISTRATOR,1
CHRISTINE BATTISTI KEANE,ADMINISTRATOR,1
JACKSON ALLEN,ADMINISTRATOR,1
PAUL BARRON,CEO,1
ANTHONY KALOMAS,ADMINISTRATOR,1
HEATH HUGHES,ADMINISTRATOR,1
CHARLES ROBB,EXECUTIVE VICE PRESIDENT  CFO,1
JUDITH BULLARD,ADMIN,1
JEREMY M. VICKERS,CEO,1
MAEGAN MCELWAIN,ADMINISTRATOR,1
RYAN ZURBUCHEN,EXECUTIVE DIRECTOR,1
ROBIN WHITMORE,CHIEF EXECUTIVE OFFICER,1
JANET SNIPES,ADMINISTRATOR,1
MICHAEL F. FLANAGAN,RECEIVER,1
CHERYL SUTTON,FISCAL ADMINISTRATOR,1
KYLE PAYNE,ADMINISTRATOR,1
DANIEL MANDELBAUM,OWNER,1
RYAN DELAMARTER,CHIEF LEGAL OFFICER,1
KRISTIN WALKER,VP OF FINANCE,1
RACHEL ZIMMERMAN,CHIEF EXECUTIVE OFFICER,1
THOMAS FLEMING,CHIEF EXECUTIVE OFFICER,1
CALEB WALTON,DIRECTOR OF OPERATIONS,1
JASON PARROTT,DOF,1
JUMAR GARCIA,ADMINISTRATOR,1
MENDEL BRECHER,OWNER,1
MARYRUTH BUTLER,CHIEF EXECUTIVE OFFICER,1
JANET LANGLOIS,CFO,1
NATHAN ARNN,CEO,1
APRIL SCHAAB,ADMINISTRATOR,1
CRIS ANTIPUESTO,ADMINISTRATOR,1
DEIDRE SILVAS,ADMINISTRATOR,1
JOHN HORSTMAN,ADMINISTRATOR,1
CHRIS WORCESTER,ASST ADMINISTRATOR,1
NATHAN STADHEIM,CFO,1
KAREN BROWN,ADMINISTRATOR,1
THOMAS WALKUSKI,ADMINISTRATOR,1
MARTY LAYMAN,VICE PRESIDENT OF FINANCE,1
RYAN STOVER,CHIEF FINANCIAL OFFICER,1
KIMBERLY LEIS,SR VP OF ACCOUNTING,1
TRILOCHAN SINGH,CEO,1
JON HENNEMYRE,ADMINISTRATOR,1
GAIL TANNER,ADMINISTRATOR,1
LISA FOSTER,ADMINISTRATOR,1
ZEB LANDERS,EXECUTIVE DIRECTOR,1
SEAN STEVENSON,OWNER,1
ALLYSON BAILEY,CEO,1
GARET WESTON,VP OF FINANCIAL OPERATIONS,1
AMANDA BAILEY,ADMINISTRATOR,1
KAY POOL,ASSOCIATE VICE PRESIDENT,1
EDWARD FORFA,EXECUTIVE DIRECTOR,1
TIM KELLY,ADMINISTRATOR,1
JESSE HINTZ,CHIEF EXECUTIVE OFFICER,1
MICHAELA SCHMITZ,ADMINISTRATOR,1
RAYMOND TILLER,ADMINISTRATOR,1
TINA BALLARD,CFO,1
KATHERINE STARK,ADMINISTRATOR,1
SHEILLA G ORTIZ LUIS,ADMINISTRATOR,1
NIKKI LEWIS,CFO,1
MCCARTHY BOYD,DIRECTOR OF FINANCE,1
MOSHE HERMAN,PRESIDENT,1
MICHAEL BIDERMAN,MANAGING MEMBER,1
AMANDA WINFIELD,EXECUTIVE DIRECTOR,1
JIM WALKO,SENIOR VICE PRESIDENT OF FINANCE,1
ZENDA HYDEN,VP OF FINANCE,1
CHARLES ANDY BRAZZEL,MANAGER,1
MICHAEL CAMPBELL,HEALTHCARE ADMINISTRATOR,1
JULIANNE MARRIOTT,ADMINISTRATOR,1
RHONDA SMITH,EXECUTIVE DIRECTOR,1
JIM GREGORY,CFO,1
CHRIS LOUDER,VP OF FINANCE,1
JORDAN BARRETT,CHIEF EXECUTIVE OFFICER,1
KATIE MAYER,ADMINISTRATOR,1
RON JAEGER,CFO,1
STEVE SEGGERMAN,CHIEF FINANCIAL OFFICER,1
PASSION WYANT,ADMINISTRATOR,1
TERRY ANDERSEN,DIRECTOR OF FINANCE,1
HALEY LENTZ,ADMINISTRATOR,1
HAKEEM DAWODU,ADMINISTRATOR,1
ARI LEV,CEO,1
KRISTIN BENNETT,ADMINISTRATOR,1
AMY MUNOZ,ADMINISTRATOR,1
COLTER DUFFY,ADMINISTRATOR,1
KIRK PLAYER,ADMINISTRATOR,1
WESTON SPIVEY,ADMINISTRATOR,1
LUKE DURTSCHI,ADMINISTRATOR,1
RYAN ROSS,ADMINISTRATOR,1
SPENCER EATON,ADMINISTRATOR,1
ZACH JACKSON,CHIEF EXECUTIVE OFFICER,1
MARCUS ASHDOWN,ADMINISTRATOR,1
JOHN LARSON,CEO,1
ANN ABOLT,ADMINISTRATOR,1
JUSTIN HARLAND,ADMINISTRATOR,1
BRADEN WISCOMBE,ADMINISTRATOR,1
CHARLIEN LYNCH,ADMINISTRATOR,1
MAX EDGINTON,ADMINISTRATOR,1
MICHELE BAIN,ADMINISTRATOR,1
ARCHIE CLOUGH,CHIEF FINANCIAL OFFICER,1
TAMMY MURDOCK,ADMINISTRATION,1
LISA ZAMBER,CFO,1
LEONARD SOUTHWICK,ADMINISTRATOR,1
MATTHEW CHURCH,ADMINISTRATOR,1
ALEX EATON,ADMINISTRATOR,1
HUNTER FUNKHOUSER,ADMINISTRATOR,1
TANNER BLISS,ADMINISTRATOR,1
TERESA KENNEDY,ADMINISTRATOR,1
MICHELLE ESSEX,ADMINISTRATOR,1
JODI SHEPHERD,VP OF ACCOUNTING,1
RICK STILTNER,CHAIRMAN,1
CHRIS BROWN,EXECUTIVE DIRECTOR/CEO,1
ELLIE POLLAK,CFO,1
MICHAEL MELNICKE,MANAGING MEMBER,1
CHARLES WELLS,CFO,1
DIPA GUPTA,HEALTH CENTER ADMINISTRATOR,1
WARREN LITMAN,CFO,1
RICHARD STEFFENS,CHIEF FINANCIAL OFFICER,1
MARIA BORISEVICH,CFO,1
JOSH RAHMANAN,ADMINISTRATOR,1
KRISTEN BAILEY,ADMINISTRATOR,1
NEIL CULLEN,ADMINISTRATOR,1
SHUNG TONG,VICE PRESIDENT OF REIMBURSEMENT,1
MICHAEL BOTWINICK,MANAGER,1
DAVID SEITLER,CHIEF EXECUUTIVE OFFICER,1
GRAYSON HILL,ADMINISTRATOR,1
TIFFANY BIRRELL,CHIEF EXECUTIVE OFFICER,1
TATE WEICHERS,CHIEF EXECUTIVE OFFICER,1
DEREK BOWEN,ADMINISTRATOR,1
DANIEL OH,ASSISTANT CONTROLER,1
PETER O?BRIEN,SHAREHOLDER,1
NICOLE NEAL,ADMINISTRATOR,1
JENNIFER HAYES,CHIEF FINANCIAL OFFICER,1
DAVID EFROYMSON,CEO,1
KRISTY WATSON,CHIEF FINANCIAL OFFICER,1
MARCUS OATES,EXECUTIVE DIRECTOR,1
JEREMY AMSTER,MANAGER,1
ANGELA MOORE,ADMINISTRATOR/CEO,1
TERYN WALDENBERG,CHIEF FINANCIAL OFFICER,1
MEGHAN SCHROM,ADMINISTRATOR,1
OAKLEY PATERSON,ADMINISTRATOR,1
COLIN DELAHUNTY,ADMINISTRATOR,1
BILL STRADER,CEO/CFO,1
LYNNE CROCKFORD,ADMINISTRATOR,1
THOMAS RACKLIFFE,ADMINISTRATOR,1
PATRICIA LUDINGTON,ADMINISTRATOR,1
TROY JOHNSON,ADMINISTRATOR,1
KENDRA BETZ,ADMINISTRATOR,1
AYA WILKINS,ADMINISTRATOR,1
DR. MONA BAUGH,ADMINISTRATOR,1
HOWARD PAYNE,ADMINISTRATOR,1
KYLE JOHNSON,ADMINISTRATOR,1
PRINCESS HERNANDEZ,ADMINISTRATOR,1
ZACHARY WOOD,ADMINISTRATOR,1
DUSTIN GROFF,ADMINISTRATOR,1
TYLER KENDALL,CEO,1
YAAKOV MOSESON,DIRECTOR OF SPECIAL PROJECTS,1
CORTLAND BLOMQUIST,ADMINISTRATOR,1
HAROLD HALDEY,CHIEF FINANCIAL OFFICER,1
LINDA CARCANO,ADMINISTRATOR,1
MARISSA KEATING,ADMINISTRATOR,1
CHAIM BURSZTYN,ADMINISTRATOR,1
CHUCK M. CRUSH,LNHA  ADMINISTRATOR,1
CHRISTINA VILLANUEVA,EXECUTIVE VICE-PRESIDENT / CHIEF FIN,1
KIM ROGUSZEWSKI,CEO,1
JACOB MCKAY,ADMINISTRATOR,1
MARCI BOISEY,ADMINISTRATOR,1
EDELMIRO GARZA,ADMINISTRATOR,1
EFFIE GALETSIS-LALIOS,CFO,1
STEVE HOLDA,CFO,1
KIM LEE,CFO,1
JEREMY MELDRUM,ADMINISTRATOR,1
NICOLE MACKEY,ADMINISTRATOR,1
MARTIN HARRIS,ADMINISTRATOR,1
JONAH WEISS,ADMINISTRATOR,1
KATIE ROBINSON,ADMINISTRATOR,1
AHRON KATZ,MANAGER,1
VALERIE DUNN,EXECUTIVE DIRECTOR,1
TRACI TODD,CFO,1
NICOLAS PERAINO,PRESIDENT,1
ANTHONY RESTAINO,EXECUTIVE DIRECTOR,1
KAY DRIVER,VICE PRESIDENT OF FINANCE,1
BRENT HALES,CHIEF FINANCIAL OFFICER,1
DAVID TANCK,CEO,1
CORTNEE COOMER,AR MANAGER,1
MELISSA VANDEWALLE,ADMINISTRATOR,1
SHLOMO LEVI,OWNER,1
PATRICK TOWNSEND,ADMINISTRATOR,1
MOSHE BERNSTEIN,CFO,1
AMANDA HOEVEMEYER,FACILITY ADMINISTRATOR,1
DAVID ROLL,ADMINISTRATOR,1
CHARMAINE PREISS,EXECUTIVE DIRECTOR,1
MICHAEL CONNELL,TREASURER & CFO,1
MAURA PANOS,CONTROLLER,1
FELICIA MUNIZ,ADMINISTRATOR,1
LORIE NEWSOME,ADMINISTRATOR,1
LORI HUGHES,ADMINISTRATOR,1
NATASHA PIECIAK,ADMINISTRATOR,1
KRYSTEN WOOD,FACILITY ADMINISTRATOR,1
ALICIA BAILEY,EXECUTIVE DIRECTOR,1
SCOTT OLIVER,EXECUTIVE DIRECTOR,1
MARY C. RODGER,DIRECTOR OF ACCOUNTING,1
LOUPEL ANTIQUIERA,ADMINSTRATOR,1
JILL BROWN,CFO,1
JASON MANN,EXECUTIVE DIRECTOR,1
NICOLAI HOOPPAW,EXECUTIVE DIRECTOR,1
YOSEF MITTELMAN,CHIEF FINANCIAL OFFICER,1
STEVEN WOODS,CEO,1
DAVID VANHOOSE,CONTROLLER,1
CHRISTOPHER BATHE,CHIEF FINANCIAL OFFICER,1
LISA HAZLER,SENIOR VP/CFO,1
CHRIS HAMILTON,ADMINISTRATOR,1
WHITNEY GREENAWAY,EXECUTIVE DIRECTOR,1
ANDY PARKER,CFO,1
KATE WILLIAMS,CFO,1
CHARLOTTE KOHN,MANAGER,1
ANGELA MEYER,EXECUTIVE DIRECTOR,1
KASSIDY SPURGIN,ADMINISTRATOR,1
CHAIM KUSHNER,ADMINISTRATOR,1
RUSSELL SELLS,ADMINISTRATOR,1
ASHLIE BINDER,ADMINISTRATOR,1
DAWN L JURENTKUFF,CFO,1
TIMOTHY DOYLE,CEO,1
ALLEN MALL,ADMINISTRATOR,1
LUKE BRIGMON,ADMINISTRATOR,1
CHAD EATON,ADMINISTRATOR,1
JOYCE FOSTER,ACTING ADMINISTRATOR,1
RENEE WARNER,FACILITY ADMINISTRATOR,1
ESTHER HEEREMA,ADMINISTRATOR,1
SAMUEL ZEITMAN,CONTROLLER,1
MOISHE HELLER,OWNER,1
SIMONE KRAUS,OWNER,1
SCOTT SOWERS,VICE PRESIDENT OF FINANCE,1
ROBERT GOERZEN,PRESIDENT & CEO,1
JOHNNY YOUNG,CFO,1
CHRISTOPHER GRELLA,ADMINISTRATOR,1
TYSON MUNNS,ADMINISTRATOR,1
CHRIS NELSON,CHIEF FINANCIAL OFFICER,1
BEVERLY YOUNG,ADMINISTRATOR,1
TRAVIS HOOPES,ADMINISTRATOR,1
MATT STREIFF,EXECUTIVE DIRECTOR,1
SON LY,ADMINISTRATOR,1
JIMMY HA,SVP OF FINANCE,1
JEROME FLORES,CFO/COO,1
KYLE BAALMAN,EXECUTIVE DIRECTOR,1
SHARI NEWTON,ADMINISTRATOR,1
ANDREW LONG,ADMINISTRATOR,1
BRENT LAWLER,EXECUTIVE DIRECTOR,1
TYLER GROESSER,CHIEF FINANCIAL OFFICER,1
BRADLEY BLOSE,CFO,1
EDMOND MORACHE,INTERIM ADMINISTRATOR,1
JAMES JAKUBOVITZ,CEO,1
DYAN MCALISTER,SVP AND CFO,1
CHRISTINA HAEUSLER,ADMINISTRATOR,1
MICHELE TORNABE,ADMINISTRATOR,1
TREVOR HARMAN,ADMINISTRATOR,1
JAHN BRADLEY,ADMINISTRATOR,1
PAMELA RODDY,EXECUTIVE DIRECTOR,1
AMY LYONS,CFO,1
JOEL BROUWER,CFO,1
EDWARD BOYLES,ADMINISTRATOR,1
NICK LANCASTER,ADMINISTRATOR,1
LORETTA CRAWFORD,ADMINISTRATOR,1
FELICIA SCOTT,EXECUTIVE DIRECTOR,1
JOSHUA WILLIAMS,ADMINISTRATOR,1
CRAIG HOFER,CFO,1
KEVIN WHITLOCK,DIRECTOR OF  FINANCE,1
MATTHEW GEHRI,SENIOR DIRECTOR OF FINANCE,1
JOHN EVERETT,CFO,1
MIRIAM DEBERRY,ADMINISTRATOR,1
DEREK AKIYOSHI,OAHU REGION CEO,1
MARY BETH DAIGNEAULT,ADMINISTRATOR,1
KERA GALANAKIS,ADMINISTRATOR,1
KATE MENTZER,FACILITY FINANCIAL MANAGER,1
POLLY KIMBALL,FINANCE DIRECTOR,1
TIM KREISHER,CHEIF OF ACCOUNTING,1
DEANNA SINHA,ADMINISTRATOR,1
CHARITY CHAMBERS,ADMINISTRATOR,1
ADRIAN LEWIS,ADMINISTRATOR,1
BRANDI HARRISON,ADMINISTRATOR,1
JOANNE AKUOKO,ADMINISTRATOR,1
TINA LANE,ADMINISTRATOR,1
MADISON SAPP,ADMINISTRATOR,1
TANYA WINFREY,ADMINISTRATOR,1
TIMOTHY GAINT,ADMINISTRATOR,1
LATASHA HERRON,ADMINISTRATOR,1
ALLYN SIMMONS,ADMINISTRATOR,1
KELLY BURNETT,ADMINISTRATOR,1
JAMES KNIGHT,ADMINISTRATOR,1
JAILYN WOODS,ADMINISTRATOR,1
ROBERT BURNS JR,ADMINISTRATOR,1
RACHEL PARKER,ADMINISTRATOR,1
PRISCILLA BUWEE-KWAH,ADMINISTRATOR,1
JOHN MIMNAUGH,ADMINISTRATOR,1
CASSIDIE BONHAM,ADMINISTRATOR,1
MARSHAL HUDDLESTON,ADMINISTRATOR,1
MELISSA WALTHALL,ADMINISTRATOR,1
LISA TULL,ADMINISTRATOR,1
DAN CAFFREY,CEO,1
JENNA FAWLEY,ADMINISTRATOR,1
MICHELE BARD,CHIEF FINANCIAL OFFICER,1
DEBORAH SHUGHART,CFO,1
TIM MOCK,CFO,1
CHRISTIE KENNEDY,ADMINISTRATOR,1
JESSICA CARTER,CFO,1
LAURA MACPHERSON,CFO,1
JONI WALTJEN,CFO,1
FRANCES LACHOWICZ,EXECUTIVE DIRECTOR,1
KAINEN LOUVIERE,ADMINISTRATOR,1
MARK D. REMLEY,CEO,1
KATHLEEN PARRY,ADMINISTRATOR,1
MICHAEL KELLY,PRINCIPAL PARTNER,1
DOUG LISCHKE,CFO,1
DUSTIN WHITE,CFO,1
ROBERT MATTIX,SVP  CHIEF REVENUE OFFICER,1
ANGIE WADE,CEO,1
GORDON SHOGER,CFO,1
BRIEN HUBBARD,MANAGING MEMBER,1
ANGELA DAVIS,CFO,1
NEELAM RAHATEKAR,CFO,1
BRANDON ALDRIDGE,CHIEF EXECUTIVE OFFICER,1
MARQUITA MIHALIAK,ADMINISTRATOR,1
KATHARINE ONEILL,CHIEF OPERATING OFFICER,1
YEHUDA ZIDELE,ADMINISTRATOR,1
MICHAEL SPIGEL,PRESIDENT & CEO,1
JAN VAN BEEK,ADMINISTRATOR,1
KYLE MARTIN,ADMINISTRATOR,1
KRISTY TANNER,ADMINISTRATOR,1
TONYA BROWN,ADMINISTRATOR,1
TABITHA HORNES,ADMINISTRATOR,1
JANE MOSS,ADMINISTRATOR,1
JASON KETCHER,ADMINISTRATOR,1
LISA BUCHANAN,ADMINISTRATOR,1
SANDY YARBOROUGH,ADMINISTRATOR,1
JOHN PAUL SENSIBLE,ADMINISTRATOR,1
ADAM CARTER,VP FINANCIAL CONTROLLER,1
JORDAN RUSSELL,ADMINISTRATOR,1
DAWN DUNBAR,ADMINISTRATOR,1
LISA LANDERS,ADMINISTRATOR,1
MEGAN FINNIE,ADMINISTRATOR,1
PATRICA LEONE-TICHNER,ADMINISTRATOR,1
ED WALTER,ADMINISTRATOR,1
ANGELA BRUMMETTE,ADMINISTRATOR,1
TIM PHILLIPS,CHIEF EXECUTIVE OFFICER,1
JASON DAVIES,ADMINISTRATOR,1
MELISSA JACKSON,CEO,1
MARK STEVENS,PRESIDENT,1
WALMEKA WILLIAMS,ADMINISTRATOR,1
TRAVIS THOMPSON,SENIOR ACCOIUNTING DIRECTOR,1
LOGEN LAHMAN,ADMINISTRATOR,1
LANCE BOLDING,ADMINISTRATOR,1
LINDSAY STIDHAM,ADMINISTRATOR,1
DAVID PRICE,ADMINISTRATOR,1
CHUCK CARTER,ADMINISTRATOR,1
NATHAN J LAMB,ADMINISTRATOR,1
BRITTANY BROWN,ADMINISTRATOR,1
TERRI AMITORNE,ADMINISTRATOR,1
JASON GERARD,ADMINISTRATOR,1
MILES ALLEN,ADMINISTRATOR,1
JAMES WESP,ADMINISTRATOR,1
CHUCK BROWN,CEO,1
CHERYL BLOODWORTH,ADMINISTRATOR,1
FREDERICK WASHINGTON,ADMINISTRATOR,1
BRIAN HART,ADMINISTRATOR,1
JOSEPH JOHNSTON,ADMINISTRATOR,1
SHEILA HUIZENGA,ADMINISTRATOR,1
CHAIM HYMAN,CHIEF EXECUTIVE OFFICER,1
KALEN CARLSON,CFO,1
BRUCE MILLER,CFO,1
SEAN ALEXANDER,CFO,1
RANDY SCHRADER,ADMINISTRATOR,1
DEEPAK MINOCHA,ADMINISTRATOR,1
TIMOTHY DURHAM,ADMINISTRATOR,1
ROBIN HELZERMAN,ADMINISTRATOR,1
BILL COURY,PRESIDENT/CEO,1
GABRIEL STOLL,EXECUTIVE DIRECTOR,1
REAUCHEAN FULLER,ADMINISTRATOR,1
DREW DABERKO,VICE PRESIDENT OF OPERATIONS,1
MICHAEL JAMISON,ADMINISTRATOR,1
LACEY MCCOY,ADMINISTRATOR,1
MELANIE CASTEEL,ADMINISTRATOR,1
CYNDI DUGHETTI,ADMINISTRATOR,1
DR. DEWAYNE HARVEY,CEO/ADMINISTRATOR,1
LYNIS HOWELL,ADMINISTRATOR,1
RACHEL SHAKOW,OFFICER,1
RON WILSON,AUTHORIZED AGENT,1
CARL WILLNER,INTERIM CFO,1
SAUNYA MOORE,CHIEF FINANCIAL OFFICER,1
PAULIE POORMAN,ADMINISTRATOR,1
JOHN SAUDER,PRESIDENT,1
ANN WALTER,ADMINISTRATOR,1
BRENT FOSTER,CFO,1
STEPHEN LOVELL,CONTROLLER,1
DAMEN DIAZ,ADMINISTRATOR,1
JOSH KIDD,ADMINISTRATOR,1
MICHAEL WINGET  SR.,MANAGER,1
TOMMY JOHNSTON,ADMINISTRATOR,1
EPHRAM LAHASKY,MANAGER,1
LESLIE DOVE,CFO,1
CHARLA FISH,ADMINISTRATOR,1
HOWARD MERMELSTEIN,MEMBER,1
MICHAEL HESS,ADMINISTRATOR,1
RANAE PERRY,ADMINISTRATOR,1
JENNIFER PRESSMAN,ADMINISTRATOR,1
IRVIN LAND JR.,ADMINISTRATOR,1
BENJAMIN FARMER,ADMINISTRATOR,1
TIM COOK,ADMINISTRATOR,1
JAMES SPAINHOUR,ADMINISTRATOR,1
LAKESHIA WILSON,ADMINISTRATOR,1
KARIE FLANNAGAR,ADMINISTRATOR,1
MADISON BOESCH,ADMINISTRATOR,1
JOHNSON ASARE,INTERIM ADMINISTRATOR,1
KEVIN ROGERS,ADMINISTRATOR,1
CHRISTINE LAVALLIAS,ADMINISTRATOR,1
JONATHAN TERRELL,ADMINISTRATOR,1
ALONSO ACEVEDO,ADMINISTRATOR,1
MONIQUE BRUCE,ADMINISTRATOR,1
AMBER TEREDA,ADMINISTRATOR,1
ADAM EDWARDS,ADMINISTRATOR,1
ADAM WILEY,ADMINISTRATOR,1
KRYSTAL JONES,ADMINISTRATOR,1
AMANDA POWERS,ADMINISTRATOR,1
PERRY MASON,CFO,1
HEATHER PARROTT,ADMINISTRATOR,1
LAJUANA HAMILTON,ADMINISTRATOR,1
KATHERINE ADAMS,ADMINISTRATOR,1
ANNA KUZAK,ACCOUNTING CONTROLLER,1
TIFFANY PEAVY,ADMINISTRATOR,1
AMY MORRIS,ADMINISTRATOR,1
WALTER BERRIOS TORRES,ADMINISTRATOR,1
KIMBERLY BULLARD,ADMINISTRATOR,1
SHANATHANIA MAHORN,ADMINISTRATOR,1
HANNAH RECKER,ADMINISTRATOR,1
STACEY HILL,ADMINISTRATOR,1
CHRIS SIETSTRA,DIRECTOR OF FINANCE,1
WESLEY PEPITONE,ADMINISTRATOR,1
BRIAN FREMIN,ADMINISTRATOR,1
ASHYLN HILBURN,ADMINISTRATOR,1
GEORGE KATZ,PRESIDENT,1
CHANTAL DJA KONAN,LONGTERM CARE SERVICES DIRECTOR,1
YUDI SCHMUKLER,MEMBER/OWNER,1
LEAH MCANDREWS,ADMINISTRATOR,1
JEFF PETTY,PRESIDENT & CEO,1
MARK CELIGOI,CFO,1
TARA HOLZEM,BUSINESS OFFICE MANAGER,1
ADAM ROBINSON,ADMINISTRATOR,1
TRACE THOMPSON,CEO,1
AMY BURNETT,CHIEF FINANCIAL OFFICER,1
MARK MAINS,CEO,1
JENNIFER CLOWERS,CFO,1
JAMIE LAFAVE,ADMINISTRATOR,1
NATHAN ZELCER,CFO,1
COREY CRISMON,CEO/NHA,1
KATHY MINCIN,CFO,1
ADAM TONCINI,CFO,1
TREVOR LATTIMORE,ADMINISTRATOR,1
KIMBERLY TONEY,ADMINISTRATOR,1
MIKE HECKER,CFO,1
TRECE MAYS,ADMINISTRATOR,1
AMADOU SOW,CONTROLLER,1
BRIAN LEVINSON,MANAGER,1
CODY BROOKS,ADMINISTRATOR,1
WHITTNEY YOUNTS,ADMINISTRATOR,1
MARTY TEASLEY,ADMINISTRATOR,1
JENNIFER CONNELL,ADMINISTRATOR,1
MIKE REED,BOARD PRESIDENT,1
LINDA WILLIAMS,ADMINISTRATOR,1
KRYSTYN TURMAN,ADMINISTRATOR,1
SHALOM BRAUNSTEIN,OWNER,1
TROY MILLER,CFO,1
BEV BURKETT,NHA,1
JAMES STOCKHAUSEN,ADMINISTRATOR,1
RITA MOORE,ADMINISTRATOR,1
MELISSA CURRAN,CFO,1
REGINA PRICE,ADMINISTRATOR,1
DANA BATTIEST,ADMINISTRATOR,1
TREVOR DEANGELO,ADMINISTRATOR,1
JONATHAN BOARMAN,ADMINISTRATOR,1
SARAH HAND,ADMINISTRATOR,1
LOGAN BOOKOUT,CHIEF FINANCIAL OFFICER,1
DARLA PRICE,ADMINISTRATOR,1
KYLIE RANDALL,ADMINISTRATOR,1
JOHN GREGIS,ADMINISTRATOR,1
LEAH STEELE,ADMINISTRATOR,1
MICHAEL CLARK,CFO,1
MICHAEL DAVIS,ADMINISTRATOR,1
MICHAEL GRIFFIN,CHIEF FINANCIAL OFFICER,1
JENNIFER SCHILPP,CHIEF FINANCIAL OFFICER,1
KRISTIE MILLER,VICE PRESIDENT OF FINANCE,1
DANIEL ROMANO,CFO,1
MARK WALKER,ADMINISTRATOR,1
JIM WIRE,CONTROLLER,1
ADAM DERBY,ADMINISTRATOR,1
JEFFREY WIESER,PRESIDENT/CEO,1
PAULA FELTON-WERNER,CEO/CHIEF ADMINISTRATOR,1
SHARON CANULL,CHIEF FINANCIAL OFFICER,1
PETER WOLKIN,CEO,1
JAHAZIEL FLORES,EXECUTIVE DIRECTOR,1
GAVIN BALL,ADMINISTRATOR,1
ADAM SANDERS,OWNER,1
PIERCE CAREY,EXECUTIVE DIRECTOR,1
AMY BARNES,CHIEF FINANCIAL OFFICER,1
SALLY SMITH,PRESIDENT,1
MATISYOHU HERZKA,MANAGE,1
LAMONT COOK,ADMINISTRATOR,1
LANA NIXON,ADMINISTRATOR,1
ISAAC KADANE,ADMINISTRATOR,1
SUSAN HARGREAVES,ADMINISTRATOR,1
STEVEN GROSS,CFO,1
AARON SINGER,(847)610-6113,1
JEROLS SCHRAG,CFO,1
HEATHER HOWLETT,ADMINISTRATOR,1
NICOLE SCHERR,ADMINISTRATOR,1
CHAD THOMPSON,ADMINISTRATOR,1
LINDA DEHART,VICE PRESIDENT FINANCE,1
LINDA DEHART,VICE PRESIDENT,1
A. DEAN SHIPMAN,ASST. VICE PRESIDENT,1
DIANE ASTON,VP / CFO,1
JARROD LEO,CHIEF FINANCIAL OFFICER,1
BARRY RAMPER II,CEO,1
ALISA MILLER,INTERIM CFO,1
COREY HAMILTON,CFO,1
CHAD KAMLER,ADMINISTRATOR,1
KAREN ALIZZI,ADMINISTRATOR,1
RUSSELL TIALAVEA,ADMINISTRATOR,1
GARY STINSON,DIRECTOR OF FINANCE AND ACCOUNTING,1
DANIEL WAGNER,CHIEF FINANCIAL OFFICER,1
BENJAMIN JACKSON,ADMINSTRATOR,1
HAROLD MILES BEEBE,ADMINISTRATOR,1
WANDA HENDRIX,ADMINISTRATOR,1
LUIS GARICIA,ADMINISTRATOR,1
JESSICA ARGERBRIGHT,ACCOUNTING & FINANCE DIRECTOR,1
PATRICK PINGEL,CEO,1
DANN LARMORE,ADMINISTRATOR,1
LINDSAY REMICK,ADMINISTRATOR,1
HALLIE ANDERSON,ADMINISTRATOR,1
BRENDA DEHASS,CHIEF FINANCIAL OFFICER,1
DONNA MCKINNEY,CFO,1
WILLIAM E. GIBSON JR.,CHIEF FINANCIAL OFFICER,1
SAMSON GIRMAY,ADMINISTRATOR,1
LILYBETH SOLIS,ADMINISTRATOR,1
BRAD TRUINI,ADMINISTRATOR,1
JEN CROWLEY,ADMINISTRATOR,1
KELSEY HINSHAW,ADMINISTRATOR,1
CHARLES TRITCH,ADMINISTRATOR,1
MARY ENGLES,ADMINISTRATOR,1
DYAN MCALISTER,SENIOR VP AND CFO,1
TAMMY MARTIN,VP  NON-ACUTE SERVICES,1
ANDREW HENCE,ADMINISTRATOR,1
COREY WRIGHT,ADMINISTRATOR,1
JAIME DODD,ADMINISTRATOR,1
VIRGINIA MURRANE,ADMINISTRATOR,1
CHAD THOMAS,EXECUTIVE DIRECTOR,1
TIFANY RICKEY,ADMINISTRATOR,1
SHILAND WILLIAMS,ADMINISTRATOR,1
ANDREA JONES,SUPERINTENDENT,1
PATRICIA KAUFMAN,CFO,1
DONALD J RAUX II,CEO,1
ROBERT WERNER,EXEC VP FOR OPERATIONS AND CFO,1
DEAN OWREY,PRESIDENT & CEO,1
DAVID WOODHEAD,CEO / EXECUTIVE DIRECTOR,1
MARCY FARINACCI,CFO,1
MARK DEARMAN,OWNER,1
WESLEY AVERETT,ADMINISTRATOR,1
LISA BEASLEY,ASSISTANT ADMINISTRATOR,1
DONOVAN PLA,ADMINISTRATOR,1
RICK GOMEZ,ADMINISTRATOR,1
TIM LYNCH,CEO,1
THOMAS SWANSON,ADMINISTRATOR,1
STEPHEN STINNETTE,SVO OF FINANCE AND CFO,1
KEVIN GOYETTE,CFO,1
AUBREY ELEY,ADMINISTRATOR,1
TIMOTHY MURPHY,CEO,1
JAMIE SPENCER,INTERIM  CFO,1
ROSEMARY PORT,ADMINISTRATOR,1
JOSEPH LUBAS,ADMINISTRATOR,1
GREGORY BUSTAMANTE,ADMINISTRATOR,1
BRIAN WILLIE-STARKEY,ADMINISTRATOR,1
ALLISON BECK,ADMINISTRATOR,1
LARRY VANDERMATEN,OWNER,1
KATRINA WISE,EXECUTIVE DIRECTOR,1
MARK NORD,ADMINISTRATOR,1
TRIMANE GODDARD,ADMINISTRATOR,1
DAWN WALKER,ADMINISTRATOR,1
LISA MATARAZO,ADMINISTRATOR,1
JOHNATHON ROAN,ADMINISTRATOR,1
CHERYL HARDING,CHIEF EXECUTIVE OFFICER,1
SALLEE SASSER-WILLIAMS,ADMINISTRATOR,1
LANCE JUNKIN,ADMINISTRATOR,1
STACY LUSTER,ADMINISTRATOR,1
STEVE HUDGENS,ADMINISTRATOR,1
AMY CASTRO,EXECUTIVE DIRECTOR,1
TARA NETLEY,712-568-2422,1
ERIC SALMONSON,CFO,1
TAMMY RAMSEY,ADMINISTRATOR,1
DEBRA MIMS,ADMINISTRATOR,1
VALERIE LAW,ADMINISTRATOR,1
SHANNETHA WILDER,ADMINISTRATOR,1
SHALONDA WELLS,ADMINISTRATOR,1
CHRISTOPHER CABALLERO,ADMINISTRATOR,1
ROBENSON JOSEPH,ADMINISTRATOR,1
MINDI BAKER,CEO,1
ASHLEY SMITH,ADMINISTRATOR,1
NICOLE ANTHONY,CHIEF FINANCIAL OFFICER,1
KEVUB RYMANOWSKI,CFO,1
CRAIG FLICKINGER,CFO,1
KEVIN SANDER,CONTROLLER,1
AMNON LICHT,OWNER,1
OLIVIA HALL,ADMINISTRATOR,1
CHESTER MUMPOWER,ADMINISTRATOR,1
DON MAPLES,CPA,1
SISTER VERONICA MALDONADO,ADMINISTRATOR,1
TAYLOR MCCOY,ADMINISTRATOR,1
JENNIFER HOWARD,ADMINISTRATOR,1
JUDY EISENHAUER,ADMINISTRATOR,1
KATHY HOLLAND,ADMINISTRATOR/CEO,1
TRACIE BRANHAM,ADMINISTRATOR,1
JEFF JOHNSON,ADMINISTRATOR,1
RAY LAURITZEN,ADMINISTRATOR,1
TAMMY CLAY,ADMINISTRATOR,1
KAREN MCMICHAEL,ADMINISTRATOR,1
LESLY GERVIL,ADMINISTRATOR,1
JACQUELINE PITTMAN,ADMINISTRATOR,1
MAXIC BURGER,ADMINISTRATOR,1
ZUBAYDA SUTTON,ADMINISTRATOR,1
LARALEE DANFORTH,ADMINISTRATOR,1
LINTON HOLLEMAN IV,ADMINISTRATOR,1
BECKY BROWNING,ADMINISTRATOR,1
MAKENZIE WILSON,ADMINISTRATOR,1
ASHLEY MALLORY,ADMINISTRATOR,1
TYLER CZARNECKI,EXECUTIVE DIRECTOR,1
SHEILA BARKS-DISTLER,EXECUTIVE DIRECTOR,1
LARRY MCGUIRE,TREASURER,1
DEVIN BODILY,ADMINISTRATOR,1
